Core, 0, 0
Cumulative_Cycles, 0, 49819824            
Cumulative_Instructions, 0, 761055              
Periodic_Cycles, 0, 38887954            
Periodic_Instructions, 0, 463508              
EXECUTION_TIME_count, 0, 12152485625000
EXECUTION_TIME_total_count, 0, 15568695000000

SIM_HOST_WALL_SECONDS_value, 0,    409.435128
SIM_HOST_WALL_SECONDS_total_value, 0,    409.435128

NODE_CYCLE_count, 0,      38887954
NODE_CYCLE_total_count, 0,      49819824

NODE_INST_COUNT_count, 0,      10000000
NODE_INST_COUNT_total_count, 0,      20000000

NODE_INST_COUNT_FETCHED_count, 0,        463508
NODE_INST_COUNT_FETCHED_total_count, 0,        761055

NODE_UOP_COUNT_count, 0,      38735502
NODE_UOP_COUNT_total_count, 0,      77922936

EXEC_STAGE_NO_ISSUE_STALL_CYCLE_count, 0,      12637452
EXEC_STAGE_NO_ISSUE_STALL_CYCLE_total_count, 0,      22561358

EXEC_STAGE_NO_ISSUE_STALL_CYCLE_ONPATH_count, 0,       6888461
EXEC_STAGE_NO_ISSUE_STALL_CYCLE_ONPATH_total_count, 0,      16685206

FULL_WINDOW_STALL_count, 0,        269863
FULL_WINDOW_STALL_pct, 0,        0.694
FULL_WINDOW_STALL_total_count, 0,        498075
FULL_WINDOW_STALL_total_pct, 0,        1.000

FULL_WINDOW_MEM_OP_count, 376,        265108
FULL_WINDOW_MEM_OP_total_count, 376,        489453

FULL_WINDOW_FP_OP_count, 376,             0
FULL_WINDOW_FP_OP_total_count, 376,             0

FULL_WINDOW_OTHER_OP_count, 376,           584
FULL_WINDOW_OTHER_OP_total_count, 376,           807

RET_BLOCKED_DC_MISS_count, 0,        566513
RET_BLOCKED_DC_MISS_pct, 0,        1.457
RET_BLOCKED_DC_MISS_total_count, 0,       1081989
RET_BLOCKED_DC_MISS_total_pct, 0,        2.172

RET_BLOCKED_L1_MISS_count, 0,        489368
RET_BLOCKED_L1_MISS_pct, 0,        1.258
RET_BLOCKED_L1_MISS_total_count, 0,        968634
RET_BLOCKED_L1_MISS_total_pct, 0,        1.944

RET_BLOCKED_L1_MISS_BW_PREF_count, 0,             0
RET_BLOCKED_L1_MISS_BW_PREF_pct, 0,        0.000
RET_BLOCKED_L1_MISS_BW_PREF_total_count, 0,         21138
RET_BLOCKED_L1_MISS_BW_PREF_total_pct, 0,        0.042

RET_BLOCKED_L1_ACCESS_count, 0,         82976
RET_BLOCKED_L1_ACCESS_pct, 0,        0.213
RET_BLOCKED_L1_ACCESS_total_count, 0,        147694
RET_BLOCKED_L1_ACCESS_total_pct, 0,        0.296

RET_BLOCKED_MEM_STALL_count, 0,        489873
RET_BLOCKED_MEM_STALL_pct, 0,        1.260
RET_BLOCKED_MEM_STALL_total_count, 0,        969593
RET_BLOCKED_MEM_STALL_total_pct, 0,        1.946

RET_BLOCKED_OFFCHIP_DEMAND_count, 0,             0
RET_BLOCKED_OFFCHIP_DEMAND_pct, 0,        0.000
RET_BLOCKED_OFFCHIP_DEMAND_total_count, 0,             0
RET_BLOCKED_OFFCHIP_DEMAND_total_pct, 0,        0.000

OP_ISSUED_count, 0,      53875648
OP_ISSUED_total_count, 0,      93454572

OP_RETIRED_count, 0,      38735502
OP_RETIRED_total_count, 0,      77922936

OP_MACRO_FUSION_ONPATH_count, 0,         64233
OP_MACRO_FUSION_ONPATH_total_count, 0,        105017

OP_MACRO_FUSION_OFFPATH_count, 0,       6336969
OP_MACRO_FUSION_OFFPATH_total_count, 0,       6376602

REPLAY_SIGNALED_count, 0,             0
REPLAY_SIGNALED_total_count, 0,             0

REPLAY_COUNTED_count, 0,             0
REPLAY_COUNTED_total_count, 0,             0

OFF_CRITICAL_PATH_count, 377,             0
OFF_CRITICAL_PATH_total_count, 377,             0

ON_CRITICAL_PATH_count, 377,             0
ON_CRITICAL_PATH_total_count, 377,             0

LD_NO_DEPENDENTS_count, 378,         16172
LD_NO_DEPENDENTS_total_count, 378,         27030

LD_DEPENDENTS_count, 378,        117926
LD_DEPENDENTS_total_count, 378,        192942

LD_EXEC_CYCLES_0_count, 379,             0
LD_EXEC_CYCLES_0_total_count, 379,             0

LD_EXEC_CYCLES_1_count, 379,             0
LD_EXEC_CYCLES_1_total_count, 379,             0

LD_EXEC_CYCLES_2_count, 379,             0
LD_EXEC_CYCLES_2_total_count, 379,             0

LD_EXEC_CYCLES_3_count, 379,        118185
LD_EXEC_CYCLES_3_total_count, 379,        193676

LD_EXEC_CYCLES_4_count, 379,          7710
LD_EXEC_CYCLES_4_total_count, 379,         12324

ICACHE_STAGE_STARVED_count, 380,       3276041
ICACHE_STAGE_STARVED_total_count, 380,       3761601

ICACHE_STAGE_NOT_STARVED_count, 380,       6859442
ICACHE_STAGE_NOT_STARVED_total_count, 380,      16631597

ICACHE_STAGE_STALLED_count, 381,          5038
ICACHE_STAGE_STALLED_total_count, 381,          6040

ICACHE_STAGE_NOT_STALLED_count, 381,      10130445
ICACHE_STAGE_NOT_STALLED_total_count, 381,      20387158

ICACHE_STAGE_OFF_PATH_count, 381,      28752470
ICACHE_STAGE_OFF_PATH_total_count, 381,      29426625

DECODE_STAGE_STARVED_count, 382,      30662495
DECODE_STAGE_STARVED_total_count, 382,      41082288

DECODE_STAGE_NOT_STARVED_count, 382,       2868767
DECODE_STAGE_NOT_STARVED_total_count, 382,       2928486

DECODE_STAGE_STALLED_count, 383,           360
DECODE_STAGE_STALLED_total_count, 383,           360

DECODE_STAGE_NOT_STALLED_count, 383,      33530902
DECODE_STAGE_NOT_STALLED_total_count, 383,      44010414

DECODE_STAGE_OFF_PATH_count, 383,       5356692
DECODE_STAGE_OFF_PATH_total_count, 383,       5809050

UOPQ_STAGE_STARVED_count, 384,      31653257
UOPQ_STAGE_STARVED_total_count, 384,      34369164

UOPQ_STAGE_NOT_STARVED_count, 384,       6777479
UOPQ_STAGE_NOT_STARVED_total_count, 384,      14630399

UOPQ_STAGE_STALLED_count, 385,          5038
UOPQ_STAGE_STALLED_total_count, 385,          6042

UOPQ_STAGE_NOT_STALLED_count, 385,      38430736
UOPQ_STAGE_NOT_STALLED_total_count, 385,      48999563

UOPQ_STAGE_OFF_PATH_count, 385,        452180
UOPQ_STAGE_OFF_PATH_total_count, 385,        814219

RS_OP_READY_NOT_ISSUED_TOTAL_count, 0,          4495
RS_OP_READY_NOT_ISSUED_TOTAL_total_count, 0,          6117

RS_0_OP_READY_NOT_ISSUED_count, 0,          4495
RS_0_OP_READY_NOT_ISSUED_total_count, 0,          6117

RS_1_OP_READY_NOT_ISSUED_count, 0,             0
RS_1_OP_READY_NOT_ISSUED_total_count, 0,             0

RS_2_OP_READY_NOT_ISSUED_count, 0,             0
RS_2_OP_READY_NOT_ISSUED_total_count, 0,             0

RS_3_OP_READY_NOT_ISSUED_count, 0,             0
RS_3_OP_READY_NOT_ISSUED_total_count, 0,             0

RS_4_OP_READY_NOT_ISSUED_count, 0,             0
RS_4_OP_READY_NOT_ISSUED_total_count, 0,             0

RS_5_OP_READY_NOT_ISSUED_count, 0,             0
RS_5_OP_READY_NOT_ISSUED_total_count, 0,             0

RS_6_OP_READY_NOT_ISSUED_count, 0,             0
RS_6_OP_READY_NOT_ISSUED_total_count, 0,             0

RS_7_OP_READY_NOT_ISSUED_count, 0,             0
RS_7_OP_READY_NOT_ISSUED_total_count, 0,             0

RS_7_PLUS_OP_READY_NOT_ISSUED_count, 0,             0
RS_7_PLUS_OP_READY_NOT_ISSUED_total_count, 0,             0

FU_IDLE_NO_READY_OPS_TOTAL_count, 0,     178239523
FU_IDLE_NO_READY_OPS_TOTAL_total_count, 0,     186040501

FU_0_IDLE_NO_READY_OPS_count, 0,      20587519
FU_0_IDLE_NO_READY_OPS_total_count, 0,      21537060

FU_1_IDLE_NO_READY_OPS_count, 0,      20601535
FU_1_IDLE_NO_READY_OPS_total_count, 0,      21562607

FU_2_IDLE_NO_READY_OPS_count, 0,      20609684
FU_2_IDLE_NO_READY_OPS_total_count, 0,      21577231

FU_3_IDLE_NO_READY_OPS_count, 0,      22735588
FU_3_IDLE_NO_READY_OPS_total_count, 0,      23716446

FU_4_IDLE_NO_READY_OPS_count, 0,      23424161
FU_4_IDLE_NO_READY_OPS_total_count, 0,      24408080

FU_5_IDLE_NO_READY_OPS_count, 0,      23425943
FU_5_IDLE_NO_READY_OPS_total_count, 0,      24411066

FU_6_IDLE_NO_READY_OPS_count, 0,      23427305
FU_6_IDLE_NO_READY_OPS_total_count, 0,      24413615

FU_7_IDLE_NO_READY_OPS_count, 0,      23427788
FU_7_IDLE_NO_READY_OPS_total_count, 0,      24414396

FU_8_IDLE_NO_READY_OPS_count, 0,             0
FU_8_IDLE_NO_READY_OPS_total_count, 0,             0

FU_9_IDLE_NO_READY_OPS_count, 0,             0
FU_9_IDLE_NO_READY_OPS_total_count, 0,             0

FU_10_IDLE_NO_READY_OPS_count, 0,             0
FU_10_IDLE_NO_READY_OPS_total_count, 0,             0

FU_11_IDLE_NO_READY_OPS_count, 0,             0
FU_11_IDLE_NO_READY_OPS_total_count, 0,             0

FU_12_IDLE_NO_READY_OPS_count, 0,             0
FU_12_IDLE_NO_READY_OPS_total_count, 0,             0

FU_13_IDLE_NO_READY_OPS_count, 0,             0
FU_13_IDLE_NO_READY_OPS_total_count, 0,             0

FU_14_IDLE_NO_READY_OPS_count, 0,             0
FU_14_IDLE_NO_READY_OPS_total_count, 0,             0

FU_15_IDLE_NO_READY_OPS_count, 0,             0
FU_15_IDLE_NO_READY_OPS_total_count, 0,             0

FU_16_IDLE_NO_READY_OPS_count, 0,             0
FU_16_IDLE_NO_READY_OPS_total_count, 0,             0

FU_17_IDLE_NO_READY_OPS_count, 0,             0
FU_17_IDLE_NO_READY_OPS_total_count, 0,             0

FU_18_IDLE_NO_READY_OPS_count, 0,             0
FU_18_IDLE_NO_READY_OPS_total_count, 0,             0

FU_19_IDLE_NO_READY_OPS_count, 0,             0
FU_19_IDLE_NO_READY_OPS_total_count, 0,             0

FU_20_IDLE_NO_READY_OPS_count, 0,             0
FU_20_IDLE_NO_READY_OPS_total_count, 0,             0

FU_21_IDLE_NO_READY_OPS_count, 0,             0
FU_21_IDLE_NO_READY_OPS_total_count, 0,             0

FU_22_IDLE_NO_READY_OPS_count, 0,             0
FU_22_IDLE_NO_READY_OPS_total_count, 0,             0

FU_23_IDLE_NO_READY_OPS_count, 0,             0
FU_23_IDLE_NO_READY_OPS_total_count, 0,             0

FU_24_IDLE_NO_READY_OPS_count, 0,             0
FU_24_IDLE_NO_READY_OPS_total_count, 0,             0

FU_25_IDLE_NO_READY_OPS_count, 0,             0
FU_25_IDLE_NO_READY_OPS_total_count, 0,             0

FU_26_IDLE_NO_READY_OPS_count, 0,             0
FU_26_IDLE_NO_READY_OPS_total_count, 0,             0

FU_27_IDLE_NO_READY_OPS_count, 0,             0
FU_27_IDLE_NO_READY_OPS_total_count, 0,             0

FU_28_IDLE_NO_READY_OPS_count, 0,             0
FU_28_IDLE_NO_READY_OPS_total_count, 0,             0

FU_29_IDLE_NO_READY_OPS_count, 0,             0
FU_29_IDLE_NO_READY_OPS_total_count, 0,             0

FU_30_IDLE_NO_READY_OPS_count, 0,             0
FU_30_IDLE_NO_READY_OPS_total_count, 0,             0

FU_31_IDLE_NO_READY_OPS_count, 0,             0
FU_31_IDLE_NO_READY_OPS_total_count, 0,             0

FU_31_PLUS_IDLE_NO_READY_OPS_count, 0,             0
FU_31_PLUS_IDLE_NO_READY_OPS_total_count, 0,             0

MAP_STAGE_STARVED_count, 386,       9018677
MAP_STAGE_STARVED_total_count, 386,       9627866

MAP_STAGE_NOT_STARVED_count, 386,       9734476
MAP_STAGE_NOT_STARVED_total_count, 386,      19550112

MAP_STAGE_STALLED_count, 387,         53642
MAP_STAGE_STALLED_total_count, 387,         74439

MAP_STAGE_NOT_STALLED_count, 387,      18699511
MAP_STAGE_NOT_STALLED_total_count, 387,      29103539

MAP_STAGE_OFF_PATH_count, 387,      20134801
MAP_STAGE_OFF_PATH_total_count, 387,      20641846

MAP_STAGE_STALL_ITSELF_count, 388,             0
MAP_STAGE_STALL_ITSELF_total_count, 388,             0

MAP_STAGE_NOT_STALL_ITSELF_count, 388,      38887954
MAP_STAGE_NOT_STALL_ITSELF_total_count, 388,      49819824

MAP_STAGE_LATE_ALLOCATE_SEND_BACK_count, 0,             0
MAP_STAGE_LATE_ALLOCATE_SEND_BACK_total_count, 0,             0

MAP_STAGE_RENAME_OP_ONPATH_count, 0,      38735482
MAP_STAGE_RENAME_OP_ONPATH_total_count, 0,      77922936

MAP_STAGE_RENAME_OP_OFFPATH_count, 0,      54697796
MAP_STAGE_RENAME_OP_OFFPATH_total_count, 0,      55410217

MAP_STAGE_RENAME_INT_REG_ONPATH_count, 0,      19523032
MAP_STAGE_RENAME_INT_REG_ONPATH_total_count, 0,      39217331

MAP_STAGE_RENAME_INT_REG_OFFPATH_count, 0,      41130496
MAP_STAGE_RENAME_INT_REG_OFFPATH_total_count, 0,      41589048

MAP_STAGE_RENAME_VEC_REG_ONPATH_count, 0,          1468
MAP_STAGE_RENAME_VEC_REG_ONPATH_total_count, 0,          2742

MAP_STAGE_RENAME_VEC_REG_OFFPATH_count, 0,          1533
MAP_STAGE_RENAME_VEC_REG_OFFPATH_total_count, 0,          2721

MAP_STAGE_RENAME_MOVE_ELIM_ONPATH_count, 0,             0
MAP_STAGE_RENAME_MOVE_ELIM_ONPATH_total_count, 0,             0

MAP_STAGE_RENAME_MOVE_ELIM_OFFPATH_count, 0,             0
MAP_STAGE_RENAME_MOVE_ELIM_OFFPATH_total_count, 0,             0

MAP_STAGE_ONPATH_INT_REG_NUM_ALLOC_count, 0,             0
MAP_STAGE_ONPATH_INT_REG_NUM_ALLOC_total_count, 0,             0

MAP_STAGE_ONPATH_VEC_REG_NUM_ALLOC_count, 0,             0
MAP_STAGE_ONPATH_VEC_REG_NUM_ALLOC_total_count, 0,             0

MAP_STAGE_ONPATH_INT_REG_NUM_SHORTLIVE_count, 0,             0
MAP_STAGE_ONPATH_INT_REG_NUM_SHORTLIVE_total_count, 0,             0

MAP_STAGE_ONPATH_VEC_REG_NUM_SHORTLIVE_count, 0,             0
MAP_STAGE_ONPATH_VEC_REG_NUM_SHORTLIVE_total_count, 0,             0

MAP_STAGE_ONPATH_INT_REG_USE_COUNT_0_count, 0,             0
MAP_STAGE_ONPATH_INT_REG_USE_COUNT_0_total_count, 0,             0

MAP_STAGE_ONPATH_VEC_REG_USE_COUNT_0_count, 0,             0
MAP_STAGE_ONPATH_VEC_REG_USE_COUNT_0_total_count, 0,             0

MAP_STAGE_ONPATH_INT_REG_USE_COUNT_1_count, 0,             0
MAP_STAGE_ONPATH_INT_REG_USE_COUNT_1_total_count, 0,             0

MAP_STAGE_ONPATH_VEC_REG_USE_COUNT_1_count, 0,             0
MAP_STAGE_ONPATH_VEC_REG_USE_COUNT_1_total_count, 0,             0

MAP_STAGE_ONPATH_INT_REG_USE_COUNT_2_count, 0,             0
MAP_STAGE_ONPATH_INT_REG_USE_COUNT_2_total_count, 0,             0

MAP_STAGE_ONPATH_VEC_REG_USE_COUNT_2_count, 0,             0
MAP_STAGE_ONPATH_VEC_REG_USE_COUNT_2_total_count, 0,             0

MAP_STAGE_ONPATH_INT_REG_USE_COUNT_3_count, 0,             0
MAP_STAGE_ONPATH_INT_REG_USE_COUNT_3_total_count, 0,             0

MAP_STAGE_ONPATH_VEC_REG_USE_COUNT_3_count, 0,             0
MAP_STAGE_ONPATH_VEC_REG_USE_COUNT_3_total_count, 0,             0

MAP_STAGE_ONPATH_INT_REG_USE_COUNT_4_count, 0,             0
MAP_STAGE_ONPATH_INT_REG_USE_COUNT_4_total_count, 0,             0

MAP_STAGE_ONPATH_VEC_REG_USE_COUNT_4_count, 0,             0
MAP_STAGE_ONPATH_VEC_REG_USE_COUNT_4_total_count, 0,             0

MAP_STAGE_ONPATH_INT_REG_USE_COUNT_5_count, 0,             0
MAP_STAGE_ONPATH_INT_REG_USE_COUNT_5_total_count, 0,             0

MAP_STAGE_ONPATH_VEC_REG_USE_COUNT_5_count, 0,             0
MAP_STAGE_ONPATH_VEC_REG_USE_COUNT_5_total_count, 0,             0

MAP_STAGE_ONPATH_INT_REG_USE_COUNT_6_count, 0,             0
MAP_STAGE_ONPATH_INT_REG_USE_COUNT_6_total_count, 0,             0

MAP_STAGE_ONPATH_VEC_REG_USE_COUNT_6_count, 0,             0
MAP_STAGE_ONPATH_VEC_REG_USE_COUNT_6_total_count, 0,             0

MAP_STAGE_ONPATH_INT_REG_USE_COUNT_7_PLUS_count, 0,             0
MAP_STAGE_ONPATH_INT_REG_USE_COUNT_7_PLUS_total_count, 0,             0

MAP_STAGE_ONPATH_VEC_REG_USE_COUNT_7_PLUS_count, 0,             0
MAP_STAGE_ONPATH_VEC_REG_USE_COUNT_7_PLUS_total_count, 0,             0

MAP_STAGE_ONPATH_INT_REG_CONSUME_DIST_0_count, 0,             0
MAP_STAGE_ONPATH_INT_REG_CONSUME_DIST_0_pct, 0,         -nan
MAP_STAGE_ONPATH_INT_REG_CONSUME_DIST_0_total_count, 0,             0
MAP_STAGE_ONPATH_INT_REG_CONSUME_DIST_0_total_pct, 0,         -nan

MAP_STAGE_ONPATH_VEC_REG_CONSUME_DIST_0_count, 0,             0
MAP_STAGE_ONPATH_VEC_REG_CONSUME_DIST_0_pct, 0,         -nan
MAP_STAGE_ONPATH_VEC_REG_CONSUME_DIST_0_total_count, 0,             0
MAP_STAGE_ONPATH_VEC_REG_CONSUME_DIST_0_total_pct, 0,         -nan

MAP_STAGE_ONPATH_INT_REG_CONSUME_DIST_1_count, 0,             0
MAP_STAGE_ONPATH_INT_REG_CONSUME_DIST_1_pct, 0,         -nan
MAP_STAGE_ONPATH_INT_REG_CONSUME_DIST_1_total_count, 0,             0
MAP_STAGE_ONPATH_INT_REG_CONSUME_DIST_1_total_pct, 0,         -nan

MAP_STAGE_ONPATH_VEC_REG_CONSUME_DIST_1_count, 0,             0
MAP_STAGE_ONPATH_VEC_REG_CONSUME_DIST_1_pct, 0,         -nan
MAP_STAGE_ONPATH_VEC_REG_CONSUME_DIST_1_total_count, 0,             0
MAP_STAGE_ONPATH_VEC_REG_CONSUME_DIST_1_total_pct, 0,         -nan

MAP_STAGE_ONPATH_INT_REG_CONSUME_DIST_2_count, 0,             0
MAP_STAGE_ONPATH_INT_REG_CONSUME_DIST_2_pct, 0,         -nan
MAP_STAGE_ONPATH_INT_REG_CONSUME_DIST_2_total_count, 0,             0
MAP_STAGE_ONPATH_INT_REG_CONSUME_DIST_2_total_pct, 0,         -nan

MAP_STAGE_ONPATH_VEC_REG_CONSUME_DIST_2_count, 0,             0
MAP_STAGE_ONPATH_VEC_REG_CONSUME_DIST_2_pct, 0,         -nan
MAP_STAGE_ONPATH_VEC_REG_CONSUME_DIST_2_total_count, 0,             0
MAP_STAGE_ONPATH_VEC_REG_CONSUME_DIST_2_total_pct, 0,         -nan

MAP_STAGE_ONPATH_INT_REG_CONSUME_DIST_3_count, 0,             0
MAP_STAGE_ONPATH_INT_REG_CONSUME_DIST_3_pct, 0,         -nan
MAP_STAGE_ONPATH_INT_REG_CONSUME_DIST_3_total_count, 0,             0
MAP_STAGE_ONPATH_INT_REG_CONSUME_DIST_3_total_pct, 0,         -nan

MAP_STAGE_ONPATH_VEC_REG_CONSUME_DIST_3_count, 0,             0
MAP_STAGE_ONPATH_VEC_REG_CONSUME_DIST_3_pct, 0,         -nan
MAP_STAGE_ONPATH_VEC_REG_CONSUME_DIST_3_total_count, 0,             0
MAP_STAGE_ONPATH_VEC_REG_CONSUME_DIST_3_total_pct, 0,         -nan

MAP_STAGE_ONPATH_INT_REG_CONSUME_DIST_4_count, 0,             0
MAP_STAGE_ONPATH_INT_REG_CONSUME_DIST_4_pct, 0,         -nan
MAP_STAGE_ONPATH_INT_REG_CONSUME_DIST_4_total_count, 0,             0
MAP_STAGE_ONPATH_INT_REG_CONSUME_DIST_4_total_pct, 0,         -nan

MAP_STAGE_ONPATH_VEC_REG_CONSUME_DIST_4_count, 0,             0
MAP_STAGE_ONPATH_VEC_REG_CONSUME_DIST_4_pct, 0,         -nan
MAP_STAGE_ONPATH_VEC_REG_CONSUME_DIST_4_total_count, 0,             0
MAP_STAGE_ONPATH_VEC_REG_CONSUME_DIST_4_total_pct, 0,         -nan

MAP_STAGE_ONPATH_INT_REG_CONSUME_DIST_5_count, 0,             0
MAP_STAGE_ONPATH_INT_REG_CONSUME_DIST_5_pct, 0,         -nan
MAP_STAGE_ONPATH_INT_REG_CONSUME_DIST_5_total_count, 0,             0
MAP_STAGE_ONPATH_INT_REG_CONSUME_DIST_5_total_pct, 0,         -nan

MAP_STAGE_ONPATH_VEC_REG_CONSUME_DIST_5_count, 0,             0
MAP_STAGE_ONPATH_VEC_REG_CONSUME_DIST_5_pct, 0,         -nan
MAP_STAGE_ONPATH_VEC_REG_CONSUME_DIST_5_total_count, 0,             0
MAP_STAGE_ONPATH_VEC_REG_CONSUME_DIST_5_total_pct, 0,         -nan

MAP_STAGE_ONPATH_INT_REG_CONSUME_DIST_6_count, 0,             0
MAP_STAGE_ONPATH_INT_REG_CONSUME_DIST_6_pct, 0,         -nan
MAP_STAGE_ONPATH_INT_REG_CONSUME_DIST_6_total_count, 0,             0
MAP_STAGE_ONPATH_INT_REG_CONSUME_DIST_6_total_pct, 0,         -nan

MAP_STAGE_ONPATH_VEC_REG_CONSUME_DIST_6_count, 0,             0
MAP_STAGE_ONPATH_VEC_REG_CONSUME_DIST_6_pct, 0,         -nan
MAP_STAGE_ONPATH_VEC_REG_CONSUME_DIST_6_total_count, 0,             0
MAP_STAGE_ONPATH_VEC_REG_CONSUME_DIST_6_total_pct, 0,         -nan

MAP_STAGE_ONPATH_INT_REG_CONSUME_DIST_7_PLUS_count, 0,             0
MAP_STAGE_ONPATH_INT_REG_CONSUME_DIST_7_PLUS_pct, 0,         -nan
MAP_STAGE_ONPATH_INT_REG_CONSUME_DIST_7_PLUS_total_count, 0,             0
MAP_STAGE_ONPATH_INT_REG_CONSUME_DIST_7_PLUS_total_pct, 0,         -nan

MAP_STAGE_ONPATH_VEC_REG_CONSUME_DIST_7_PLUS_count, 0,             0
MAP_STAGE_ONPATH_VEC_REG_CONSUME_DIST_7_PLUS_pct, 0,         -nan
MAP_STAGE_ONPATH_VEC_REG_CONSUME_DIST_7_PLUS_total_count, 0,             0
MAP_STAGE_ONPATH_VEC_REG_CONSUME_DIST_7_PLUS_total_pct, 0,         -nan

MAP_STAGE_INT_REG_ISSUE_READ_TOTAL_CONSUMED_count, 0,             0
MAP_STAGE_INT_REG_ISSUE_READ_TOTAL_CONSUMED_pct, 0,        0.000
MAP_STAGE_INT_REG_ISSUE_READ_TOTAL_CONSUMED_total_count, 0,             0
MAP_STAGE_INT_REG_ISSUE_READ_TOTAL_CONSUMED_total_pct, 0,        0.000

MAP_STAGE_VEC_REG_ISSUE_READ_TOTAL_CONSUMED_count, 0,             0
MAP_STAGE_VEC_REG_ISSUE_READ_TOTAL_CONSUMED_pct, 0,        0.000
MAP_STAGE_VEC_REG_ISSUE_READ_TOTAL_CONSUMED_total_count, 0,             0
MAP_STAGE_VEC_REG_ISSUE_READ_TOTAL_CONSUMED_total_pct, 0,        0.000

MAP_STAGE_INT_REG_ISSUE_READ_MULTI_CONSUMED_count, 0,             0
MAP_STAGE_INT_REG_ISSUE_READ_MULTI_CONSUMED_pct, 0,        0.000
MAP_STAGE_INT_REG_ISSUE_READ_MULTI_CONSUMED_total_count, 0,             0
MAP_STAGE_INT_REG_ISSUE_READ_MULTI_CONSUMED_total_pct, 0,        0.000

MAP_STAGE_VEC_REG_ISSUE_READ_MULTI_CONSUMED_count, 0,             0
MAP_STAGE_VEC_REG_ISSUE_READ_MULTI_CONSUMED_pct, 0,        0.000
MAP_STAGE_VEC_REG_ISSUE_READ_MULTI_CONSUMED_total_count, 0,             0
MAP_STAGE_VEC_REG_ISSUE_READ_MULTI_CONSUMED_total_pct, 0,        0.000

MAP_STAGE_INT_REG_ISSUE_READ_SAME_CYCLE_CONSUMED_count, 0,             0
MAP_STAGE_INT_REG_ISSUE_READ_SAME_CYCLE_CONSUMED_pct, 0,        0.000
MAP_STAGE_INT_REG_ISSUE_READ_SAME_CYCLE_CONSUMED_total_count, 0,             0
MAP_STAGE_INT_REG_ISSUE_READ_SAME_CYCLE_CONSUMED_total_pct, 0,        0.000

MAP_STAGE_VEC_REG_ISSUE_READ_SAME_CYCLE_CONSUMED_count, 0,             0
MAP_STAGE_VEC_REG_ISSUE_READ_SAME_CYCLE_CONSUMED_pct, 0,        0.000
MAP_STAGE_VEC_REG_ISSUE_READ_SAME_CYCLE_CONSUMED_total_count, 0,             0
MAP_STAGE_VEC_REG_ISSUE_READ_SAME_CYCLE_CONSUMED_total_pct, 0,        0.000

MAP_STAGE_INT_REG_ISSUE_READ_TOTAL_CONSUMED_ONPATH_count, 0,             0
MAP_STAGE_INT_REG_ISSUE_READ_TOTAL_CONSUMED_ONPATH_pct, 0,        0.000
MAP_STAGE_INT_REG_ISSUE_READ_TOTAL_CONSUMED_ONPATH_total_count, 0,             0
MAP_STAGE_INT_REG_ISSUE_READ_TOTAL_CONSUMED_ONPATH_total_pct, 0,        0.000

MAP_STAGE_VEC_REG_ISSUE_READ_TOTAL_CONSUMED_ONPATH_count, 0,             0
MAP_STAGE_VEC_REG_ISSUE_READ_TOTAL_CONSUMED_ONPATH_pct, 0,        0.000
MAP_STAGE_VEC_REG_ISSUE_READ_TOTAL_CONSUMED_ONPATH_total_count, 0,             0
MAP_STAGE_VEC_REG_ISSUE_READ_TOTAL_CONSUMED_ONPATH_total_pct, 0,        0.000

MAP_STAGE_INT_REG_ISSUE_READ_MULTI_CONSUMED_ONPATH_count, 0,             0
MAP_STAGE_INT_REG_ISSUE_READ_MULTI_CONSUMED_ONPATH_pct, 0,        0.000
MAP_STAGE_INT_REG_ISSUE_READ_MULTI_CONSUMED_ONPATH_total_count, 0,             0
MAP_STAGE_INT_REG_ISSUE_READ_MULTI_CONSUMED_ONPATH_total_pct, 0,        0.000

MAP_STAGE_VEC_REG_ISSUE_READ_MULTI_CONSUMED_ONPATH_count, 0,             0
MAP_STAGE_VEC_REG_ISSUE_READ_MULTI_CONSUMED_ONPATH_pct, 0,        0.000
MAP_STAGE_VEC_REG_ISSUE_READ_MULTI_CONSUMED_ONPATH_total_count, 0,             0
MAP_STAGE_VEC_REG_ISSUE_READ_MULTI_CONSUMED_ONPATH_total_pct, 0,        0.000

MAP_STAGE_INT_REG_ISSUE_READ_SAME_CYCLE_CONSUMED_ONPATH_count, 0,             0
MAP_STAGE_INT_REG_ISSUE_READ_SAME_CYCLE_CONSUMED_ONPATH_pct, 0,        0.000
MAP_STAGE_INT_REG_ISSUE_READ_SAME_CYCLE_CONSUMED_ONPATH_total_count, 0,             0
MAP_STAGE_INT_REG_ISSUE_READ_SAME_CYCLE_CONSUMED_ONPATH_total_pct, 0,        0.000

MAP_STAGE_VEC_REG_ISSUE_READ_SAME_CYCLE_CONSUMED_ONPATH_count, 0,             0
MAP_STAGE_VEC_REG_ISSUE_READ_SAME_CYCLE_CONSUMED_ONPATH_pct, 0,        0.000
MAP_STAGE_VEC_REG_ISSUE_READ_SAME_CYCLE_CONSUMED_ONPATH_total_count, 0,             0
MAP_STAGE_VEC_REG_ISSUE_READ_SAME_CYCLE_CONSUMED_ONPATH_total_pct, 0,        0.000

MAP_STAGE_ONPATH_INT_REG_LIFECYCLE_EMPTY_count, 0,             0
MAP_STAGE_ONPATH_INT_REG_LIFECYCLE_EMPTY_total_count, 0,             0

MAP_STAGE_ONPATH_VEC_REG_LIFECYCLE_EMPTY_count, 0,             0
MAP_STAGE_ONPATH_VEC_REG_LIFECYCLE_EMPTY_total_count, 0,             0

MAP_STAGE_ONPATH_INT_REG_LIFECYCLE_IN_USE_count, 0,             0
MAP_STAGE_ONPATH_INT_REG_LIFECYCLE_IN_USE_total_count, 0,             0

MAP_STAGE_ONPATH_VEC_REG_LIFECYCLE_IN_USE_count, 0,             0
MAP_STAGE_ONPATH_VEC_REG_LIFECYCLE_IN_USE_total_count, 0,             0

MAP_STAGE_ONPATH_INT_REG_LIFECYCLE_SPEC_RELEASE_count, 0,             0
MAP_STAGE_ONPATH_INT_REG_LIFECYCLE_SPEC_RELEASE_total_count, 0,             0

MAP_STAGE_ONPATH_VEC_REG_LIFECYCLE_SPEC_RELEASE_count, 0,             0
MAP_STAGE_ONPATH_VEC_REG_LIFECYCLE_SPEC_RELEASE_total_count, 0,             0

MAP_STAGE_ONPATH_INT_REG_LIFECYCLE_NONSPEC_RELEASE_count, 0,             0
MAP_STAGE_ONPATH_INT_REG_LIFECYCLE_NONSPEC_RELEASE_total_count, 0,             0

MAP_STAGE_ONPATH_VEC_REG_LIFECYCLE_NONSPEC_RELEASE_count, 0,             0
MAP_STAGE_ONPATH_VEC_REG_LIFECYCLE_NONSPEC_RELEASE_total_count, 0,             0

MAP_STAGE_ONPATH_INT_REG_LIFECYCLE_TOTAL_count, 0,             0
MAP_STAGE_ONPATH_INT_REG_LIFECYCLE_TOTAL_total_count, 0,             0

MAP_STAGE_ONPATH_VEC_REG_LIFECYCLE_TOTAL_count, 0,             0
MAP_STAGE_ONPATH_VEC_REG_LIFECYCLE_TOTAL_total_count, 0,             0

MAP_STAGE_ONPATH_INT_REG_NUM_NONBRANCH_count, 0,             0
MAP_STAGE_ONPATH_INT_REG_NUM_NONBRANCH_total_count, 0,             0

MAP_STAGE_ONPATH_VEC_REG_NUM_NONBRANCH_count, 0,             0
MAP_STAGE_ONPATH_VEC_REG_NUM_NONBRANCH_total_count, 0,             0

MAP_STAGE_ONPATH_INT_REG_NUM_NONEXCEPT_count, 0,             0
MAP_STAGE_ONPATH_INT_REG_NUM_NONEXCEPT_total_count, 0,             0

MAP_STAGE_ONPATH_VEC_REG_NUM_NONEXCEPT_count, 0,             0
MAP_STAGE_ONPATH_VEC_REG_NUM_NONEXCEPT_total_count, 0,             0

MAP_STAGE_ONPATH_INT_REG_NUM_ATOMIC_count, 0,             0
MAP_STAGE_ONPATH_INT_REG_NUM_ATOMIC_total_count, 0,             0

MAP_STAGE_ONPATH_VEC_REG_NUM_ATOMIC_count, 0,             0
MAP_STAGE_ONPATH_VEC_REG_NUM_ATOMIC_total_count, 0,             0

MAP_STAGE_ONPATH_INT_REG_ATOMIC_REDEFINED_DIST_TOTAL_count, 0,             0
MAP_STAGE_ONPATH_INT_REG_ATOMIC_REDEFINED_DIST_TOTAL_pct, 0,         -nan
MAP_STAGE_ONPATH_INT_REG_ATOMIC_REDEFINED_DIST_TOTAL_total_count, 0,             0
MAP_STAGE_ONPATH_INT_REG_ATOMIC_REDEFINED_DIST_TOTAL_total_pct, 0,         -nan

MAP_STAGE_ONPATH_VEC_REG_ATOMIC_REDEFINED_DIST_TOTAL_count, 0,             0
MAP_STAGE_ONPATH_VEC_REG_ATOMIC_REDEFINED_DIST_TOTAL_pct, 0,         -nan
MAP_STAGE_ONPATH_VEC_REG_ATOMIC_REDEFINED_DIST_TOTAL_total_count, 0,             0
MAP_STAGE_ONPATH_VEC_REG_ATOMIC_REDEFINED_DIST_TOTAL_total_pct, 0,         -nan

MAP_STAGE_ONPATH_INT_REG_ATOMIC_CONSUMED_DIST_TOTAL_count, 0,             0
MAP_STAGE_ONPATH_INT_REG_ATOMIC_CONSUMED_DIST_TOTAL_pct, 0,         -nan
MAP_STAGE_ONPATH_INT_REG_ATOMIC_CONSUMED_DIST_TOTAL_total_count, 0,             0
MAP_STAGE_ONPATH_INT_REG_ATOMIC_CONSUMED_DIST_TOTAL_total_pct, 0,         -nan

MAP_STAGE_ONPATH_VEC_REG_ATOMIC_CONSUMED_DIST_TOTAL_count, 0,             0
MAP_STAGE_ONPATH_VEC_REG_ATOMIC_CONSUMED_DIST_TOTAL_pct, 0,         -nan
MAP_STAGE_ONPATH_VEC_REG_ATOMIC_CONSUMED_DIST_TOTAL_total_count, 0,             0
MAP_STAGE_ONPATH_VEC_REG_ATOMIC_CONSUMED_DIST_TOTAL_total_pct, 0,         -nan

MAP_STAGE_ONPATH_INT_REG_ATOMIC_RELEASE_DIST_TOTAL_count, 0,             0
MAP_STAGE_ONPATH_INT_REG_ATOMIC_RELEASE_DIST_TOTAL_pct, 0,         -nan
MAP_STAGE_ONPATH_INT_REG_ATOMIC_RELEASE_DIST_TOTAL_total_count, 0,             0
MAP_STAGE_ONPATH_INT_REG_ATOMIC_RELEASE_DIST_TOTAL_total_pct, 0,         -nan

MAP_STAGE_ONPATH_VEC_REG_ATOMIC_RELEASE_DIST_TOTAL_count, 0,             0
MAP_STAGE_ONPATH_VEC_REG_ATOMIC_RELEASE_DIST_TOTAL_pct, 0,         -nan
MAP_STAGE_ONPATH_VEC_REG_ATOMIC_RELEASE_DIST_TOTAL_total_count, 0,             0
MAP_STAGE_ONPATH_VEC_REG_ATOMIC_RELEASE_DIST_TOTAL_total_pct, 0,         -nan

EXEC_STAGE_STARVED_count, 389,      35720260
EXEC_STAGE_STARVED_total_count, 389,      46311250

EXEC_STAGE_NOT_STARVED_count, 389,          8524
EXEC_STAGE_NOT_STARVED_total_count, 389,         14481

EXEC_STAGE_OFF_PATH_count, 389,       3159170
EXEC_STAGE_OFF_PATH_total_count, 389,       3494093

FU_BUSY_0_count, 0,      12639374
FU_BUSY_0_total_count, 0,      22564549

FU_BUSY_1_count, 0,      12595667
FU_BUSY_1_total_count, 0,      22487356

FU_BUSY_2_count, 0,      12532397
FU_BUSY_2_total_count, 0,      22378896

FU_BUSY_3_count, 0,      10353084
FU_BUSY_3_total_count, 0,      20150850

FU_BUSY_4_count, 0,       2885606
FU_BUSY_4_total_count, 0,       2949647

FU_BUSY_5_count, 0,       2853981
FU_BUSY_5_total_count, 0,       2896353

FU_BUSY_6_count, 0,         23198
FU_BUSY_6_total_count, 0,         38080

FU_BUSY_7_count, 0,         12971
FU_BUSY_7_total_count, 0,         20919

FU_BUSY_8_count, 0,             0
FU_BUSY_8_total_count, 0,             0

FU_BUSY_9_count, 0,             0
FU_BUSY_9_total_count, 0,             0

FU_BUSY_10_count, 0,             0
FU_BUSY_10_total_count, 0,             0

FU_BUSY_11_count, 0,             0
FU_BUSY_11_total_count, 0,             0

FU_BUSY_12_count, 0,             0
FU_BUSY_12_total_count, 0,             0

FU_BUSY_13_count, 0,             0
FU_BUSY_13_total_count, 0,             0

FU_BUSY_14_count, 0,             0
FU_BUSY_14_total_count, 0,             0

FU_BUSY_15_count, 0,             0
FU_BUSY_15_total_count, 0,             0

FU_BUSY_16_count, 0,             0
FU_BUSY_16_total_count, 0,             0

FU_BUSY_17_count, 0,             0
FU_BUSY_17_total_count, 0,             0

FU_BUSY_18_count, 0,             0
FU_BUSY_18_total_count, 0,             0

FU_BUSY_19_count, 0,             0
FU_BUSY_19_total_count, 0,             0

FU_BUSY_20_count, 0,             0
FU_BUSY_20_total_count, 0,             0

FU_BUSY_21_count, 0,             0
FU_BUSY_21_total_count, 0,             0

FU_BUSY_22_count, 0,             0
FU_BUSY_22_total_count, 0,             0

FU_BUSY_23_count, 0,             0
FU_BUSY_23_total_count, 0,             0

FU_BUSY_24_count, 0,             0
FU_BUSY_24_total_count, 0,             0

FU_BUSY_25_count, 0,             0
FU_BUSY_25_total_count, 0,             0

FU_BUSY_26_count, 0,             0
FU_BUSY_26_total_count, 0,             0

FU_BUSY_27_count, 0,             0
FU_BUSY_27_total_count, 0,             0

FU_BUSY_28_count, 0,             0
FU_BUSY_28_total_count, 0,             0

FU_BUSY_29_count, 0,             0
FU_BUSY_29_total_count, 0,             0

FU_BUSY_30_count, 0,             0
FU_BUSY_30_total_count, 0,             0

FU_BUSY_31_count, 0,             0
FU_BUSY_31_total_count, 0,             0

FU_REJECTED_OP_INV_NOT_SIMD_count, 390,             0
FU_REJECTED_OP_INV_NOT_SIMD_total_count, 390,             0

FU_REJECTED_OP_NOP_NOT_SIMD_count, 390,           899
FU_REJECTED_OP_NOP_NOT_SIMD_total_count, 390,          1501

FU_REJECTED_OP_CF_NOT_SIMD_count, 390,          1882
FU_REJECTED_OP_CF_NOT_SIMD_total_count, 390,          2956

FU_REJECTED_OP_MOV_NOT_SIMD_count, 390,           958
FU_REJECTED_OP_MOV_NOT_SIMD_total_count, 390,          1394

FU_REJECTED_OP_CMOV_NOT_SIMD_count, 390,            13
FU_REJECTED_OP_CMOV_NOT_SIMD_total_count, 390,            27

FU_REJECTED_OP_LDA_NOT_SIMD_count, 390,           211
FU_REJECTED_OP_LDA_NOT_SIMD_total_count, 390,           425

FU_REJECTED_OP_IMEM_NOT_SIMD_count, 390,          3352
FU_REJECTED_OP_IMEM_NOT_SIMD_total_count, 390,          4904

FU_REJECTED_OP_IADD_NOT_SIMD_count, 390,          1751
FU_REJECTED_OP_IADD_NOT_SIMD_total_count, 390,          2605

FU_REJECTED_OP_IMUL_NOT_SIMD_count, 390,          3237
FU_REJECTED_OP_IMUL_NOT_SIMD_total_count, 390,          5308

FU_REJECTED_OP_IDIV_NOT_SIMD_count, 390,             6
FU_REJECTED_OP_IDIV_NOT_SIMD_total_count, 390,             6

FU_REJECTED_OP_ICMP_NOT_SIMD_count, 390,             1
FU_REJECTED_OP_ICMP_NOT_SIMD_total_count, 390,             1

FU_REJECTED_OP_LOGIC_NOT_SIMD_count, 390,           854
FU_REJECTED_OP_LOGIC_NOT_SIMD_total_count, 390,          1133

FU_REJECTED_OP_SHIFT_NOT_SIMD_count, 390,           807
FU_REJECTED_OP_SHIFT_NOT_SIMD_total_count, 390,          1246

FU_REJECTED_OP_FMEM_NOT_SIMD_count, 390,            90
FU_REJECTED_OP_FMEM_NOT_SIMD_total_count, 390,           133

FU_REJECTED_OP_FCVT_NOT_SIMD_count, 390,             0
FU_REJECTED_OP_FCVT_NOT_SIMD_total_count, 390,             0

FU_REJECTED_OP_FADD_NOT_SIMD_count, 390,             0
FU_REJECTED_OP_FADD_NOT_SIMD_total_count, 390,             0

FU_REJECTED_OP_FMUL_NOT_SIMD_count, 390,             0
FU_REJECTED_OP_FMUL_NOT_SIMD_total_count, 390,             0

FU_REJECTED_OP_FMA_NOT_SIMD_count, 390,             0
FU_REJECTED_OP_FMA_NOT_SIMD_total_count, 390,             0

FU_REJECTED_OP_FDIV_NOT_SIMD_count, 390,             0
FU_REJECTED_OP_FDIV_NOT_SIMD_total_count, 390,             0

FU_REJECTED_OP_FCMP_NOT_SIMD_count, 390,             0
FU_REJECTED_OP_FCMP_NOT_SIMD_total_count, 390,             0

FU_REJECTED_OP_FCMOV_NOT_SIMD_count, 390,             0
FU_REJECTED_OP_FCMOV_NOT_SIMD_total_count, 390,             0

FU_REJECTED_OP_GATHER_NOT_SIMD_count, 390,             0
FU_REJECTED_OP_GATHER_NOT_SIMD_total_count, 390,             0

FU_REJECTED_OP_SCATTER_NOT_SIMD_count, 390,             0
FU_REJECTED_OP_SCATTER_NOT_SIMD_total_count, 390,             0

FU_REJECTED_OP_PIPELINED_FAST_NOT_SIMD_count, 390,             0
FU_REJECTED_OP_PIPELINED_FAST_NOT_SIMD_total_count, 390,             0

FU_REJECTED_OP_PIPELINED_MEDIUM_NOT_SIMD_count, 390,             0
FU_REJECTED_OP_PIPELINED_MEDIUM_NOT_SIMD_total_count, 390,             0

FU_REJECTED_OP_PIPELINED_SLOW_NOT_SIMD_count, 390,             0
FU_REJECTED_OP_PIPELINED_SLOW_NOT_SIMD_total_count, 390,             0

FU_REJECTED_OP_NOTPIPELINED_MEDIUM_NOT_SIMD_count, 390,             0
FU_REJECTED_OP_NOTPIPELINED_MEDIUM_NOT_SIMD_total_count, 390,             0

FU_REJECTED_OP_NOTPIPELINED_SLOW_NOT_SIMD_count, 390,             0
FU_REJECTED_OP_NOTPIPELINED_SLOW_NOT_SIMD_total_count, 390,             0

FU_REJECTED_OP_NOTPIPELINED_VERY_SLOW_NOT_SIMD_count, 390,             0
FU_REJECTED_OP_NOTPIPELINED_VERY_SLOW_NOT_SIMD_total_count, 390,             0

FU_REJECTED_OP_INV_SIMD_count, 390,             0
FU_REJECTED_OP_INV_SIMD_total_count, 390,             0

FU_REJECTED_OP_NOP_SIMD_count, 390,             0
FU_REJECTED_OP_NOP_SIMD_total_count, 390,             0

FU_REJECTED_OP_CF_SIMD_count, 390,             0
FU_REJECTED_OP_CF_SIMD_total_count, 390,             0

FU_REJECTED_OP_MOV_SIMD_count, 390,             8
FU_REJECTED_OP_MOV_SIMD_total_count, 390,            12

FU_REJECTED_OP_CMOV_SIMD_count, 390,             0
FU_REJECTED_OP_CMOV_SIMD_total_count, 390,             0

FU_REJECTED_OP_LDA_SIMD_count, 390,             0
FU_REJECTED_OP_LDA_SIMD_total_count, 390,             0

FU_REJECTED_OP_IMEM_SIMD_count, 390,             0
FU_REJECTED_OP_IMEM_SIMD_total_count, 390,             0

FU_REJECTED_OP_IADD_SIMD_count, 390,             0
FU_REJECTED_OP_IADD_SIMD_total_count, 390,             0

FU_REJECTED_OP_IMUL_SIMD_count, 390,             0
FU_REJECTED_OP_IMUL_SIMD_total_count, 390,             0

FU_REJECTED_OP_IDIV_SIMD_count, 390,             0
FU_REJECTED_OP_IDIV_SIMD_total_count, 390,             0

FU_REJECTED_OP_ICMP_SIMD_count, 390,             0
FU_REJECTED_OP_ICMP_SIMD_total_count, 390,             0

FU_REJECTED_OP_LOGIC_SIMD_count, 390,             0
FU_REJECTED_OP_LOGIC_SIMD_total_count, 390,             0

FU_REJECTED_OP_SHIFT_SIMD_count, 390,             0
FU_REJECTED_OP_SHIFT_SIMD_total_count, 390,             0

FU_REJECTED_OP_FMEM_SIMD_count, 390,             0
FU_REJECTED_OP_FMEM_SIMD_total_count, 390,             0

FU_REJECTED_OP_FCVT_SIMD_count, 390,            89
FU_REJECTED_OP_FCVT_SIMD_total_count, 390,           201

FU_REJECTED_OP_FADD_SIMD_count, 390,          1575
FU_REJECTED_OP_FADD_SIMD_total_count, 390,          2872

FU_REJECTED_OP_FMUL_SIMD_count, 390,             0
FU_REJECTED_OP_FMUL_SIMD_total_count, 390,             0

FU_REJECTED_OP_FMA_SIMD_count, 390,             0
FU_REJECTED_OP_FMA_SIMD_total_count, 390,             0

FU_REJECTED_OP_FDIV_SIMD_count, 390,             0
FU_REJECTED_OP_FDIV_SIMD_total_count, 390,             0

FU_REJECTED_OP_FCMP_SIMD_count, 390,             0
FU_REJECTED_OP_FCMP_SIMD_total_count, 390,             0

FU_REJECTED_OP_FCMOV_SIMD_count, 390,             0
FU_REJECTED_OP_FCMOV_SIMD_total_count, 390,             0

FU_REJECTED_OP_GATHER_SIMD_count, 390,             0
FU_REJECTED_OP_GATHER_SIMD_total_count, 390,             0

FU_REJECTED_OP_SCATTER_SIMD_count, 390,             0
FU_REJECTED_OP_SCATTER_SIMD_total_count, 390,             0

FU_REJECTED_OP_PIPELINED_FAST_SIMD_count, 390,             0
FU_REJECTED_OP_PIPELINED_FAST_SIMD_total_count, 390,             0

FU_REJECTED_OP_PIPELINED_MEDIUM_SIMD_count, 390,             0
FU_REJECTED_OP_PIPELINED_MEDIUM_SIMD_total_count, 390,             0

FU_REJECTED_OP_PIPELINED_SLOW_SIMD_count, 390,             0
FU_REJECTED_OP_PIPELINED_SLOW_SIMD_total_count, 390,             0

FU_REJECTED_OP_NOTPIPELINED_MEDIUM_SIMD_count, 390,             0
FU_REJECTED_OP_NOTPIPELINED_MEDIUM_SIMD_total_count, 390,             0

FU_REJECTED_OP_NOTPIPELINED_SLOW_SIMD_count, 390,             0
FU_REJECTED_OP_NOTPIPELINED_SLOW_SIMD_total_count, 390,             0

FU_REJECTED_OP_NOTPIPELINED_VERY_SLOW_SIMD_count, 390,             0
FU_REJECTED_OP_NOTPIPELINED_VERY_SLOW_SIMD_total_count, 390,             0

LSQ_FULL_TOTAL_count, 0,          3617
LSQ_FULL_TOTAL_total_count, 0,          6578

LSQ_FULL_LOAD_QUEUE_count, 0,             0
LSQ_FULL_LOAD_QUEUE_total_count, 0,             0

LSQ_FULL_STORE_QUEUE_count, 0,          3617
LSQ_FULL_STORE_QUEUE_total_count, 0,          6578

OP_WAIT_0_count, 0,      20609077
OP_WAIT_0_total_count, 0,      49953142

OP_WAIT_1_count, 0,      18118360
OP_WAIT_1_total_count, 0,      27952387

OP_WAIT_2_count, 0,          3702
OP_WAIT_2_total_count, 0,          4820

OP_WAIT_3_count, 0,           220
OP_WAIT_3_total_count, 0,           373

OP_WAIT_4_count, 0,            59
OP_WAIT_4_total_count, 0,           104

OP_WAIT_5_count, 0,            20
OP_WAIT_5_total_count, 0,            49

OP_WAIT_6_count, 0,            26
OP_WAIT_6_total_count, 0,            45

OP_WAIT_7_count, 0,          3940
OP_WAIT_7_total_count, 0,         11784

OP_WAIT_8_count, 0,             3
OP_WAIT_8_total_count, 0,             6

OP_WAIT_9_count, 0,             1
OP_WAIT_9_total_count, 0,             3

OP_WAIT_10_count, 0,             3
OP_WAIT_10_total_count, 0,            10

OP_WAIT_11_count, 0,             3
OP_WAIT_11_total_count, 0,            21

OP_WAIT_12_count, 0,             4
OP_WAIT_12_total_count, 0,            18

OP_WAIT_13_count, 0,             1
OP_WAIT_13_total_count, 0,             5

OP_WAIT_14_count, 0,             2
OP_WAIT_14_total_count, 0,             3

OP_WAIT_15_count, 0,             1
OP_WAIT_15_total_count, 0,             3

OP_WAIT_16_count, 0,             2
OP_WAIT_16_total_count, 0,             6

OP_WAIT_17_count, 0,             3
OP_WAIT_17_total_count, 0,             6

OP_WAIT_18_count, 0,             0
OP_WAIT_18_total_count, 0,             6

OP_WAIT_19_count, 0,             5
OP_WAIT_19_total_count, 0,            12

OP_WAIT_20_count, 0,             0
OP_WAIT_20_total_count, 0,             2

OP_WAIT_21_count, 0,             2
OP_WAIT_21_total_count, 0,             3

OP_WAIT_22_count, 0,             0
OP_WAIT_22_total_count, 0,             0

OP_WAIT_23_count, 0,             0
OP_WAIT_23_total_count, 0,             0

OP_WAIT_24_count, 0,             0
OP_WAIT_24_total_count, 0,             2

OP_WAIT_25_count, 0,             0
OP_WAIT_25_total_count, 0,             3

OP_WAIT_26_count, 0,             1
OP_WAIT_26_total_count, 0,             2

OP_WAIT_27_count, 0,             0
OP_WAIT_27_total_count, 0,             0

OP_WAIT_28_count, 0,             0
OP_WAIT_28_total_count, 0,             0

OP_WAIT_29_count, 0,             0
OP_WAIT_29_total_count, 0,             0

OP_WAIT_30_count, 0,             0
OP_WAIT_30_total_count, 0,             1

OP_WAIT_31_count, 0,            67
OP_WAIT_31_total_count, 0,           120

ROW_SIZE_0_count, 0,      11977006
ROW_SIZE_0_total_count, 0,      12744079

ROW_SIZE_1_count, 0,         60551
ROW_SIZE_1_total_count, 0,        103654

ROW_SIZE_2_count, 0,         35241
ROW_SIZE_2_total_count, 0,         60055

ROW_SIZE_3_count, 0,         14410
ROW_SIZE_3_total_count, 0,         23501

ROW_SIZE_4_count, 0,       9231261
ROW_SIZE_4_total_count, 0,      18486733

ROW_SIZE_5_count, 0,          6101
ROW_SIZE_5_total_count, 0,         10039

ROW_SIZE_6_count, 0,        267615
ROW_SIZE_6_total_count, 0,        605257

ROW_SIZE_7_count, 0,             0
ROW_SIZE_7_total_count, 0,             0

ROW_SIZE_8_count, 0,             0
ROW_SIZE_8_total_count, 0,             0

ROW_SIZE_9_count, 0,             0
ROW_SIZE_9_total_count, 0,             0

ROW_SIZE_10_count, 0,             0
ROW_SIZE_10_total_count, 0,             0

ROW_SIZE_11_count, 0,             0
ROW_SIZE_11_total_count, 0,             0

ROW_SIZE_12_count, 0,             0
ROW_SIZE_12_total_count, 0,             0

ROW_SIZE_13_count, 0,             0
ROW_SIZE_13_total_count, 0,             0

ROW_SIZE_14_count, 0,             0
ROW_SIZE_14_total_count, 0,             0

ROW_SIZE_15_count, 0,             0
ROW_SIZE_15_total_count, 0,             0

ROW_SIZE_16_count, 0,             0
ROW_SIZE_16_total_count, 0,             0

ROW_SIZE_17_count, 0,             0
ROW_SIZE_17_total_count, 0,             0

ROW_SIZE_18_count, 0,             0
ROW_SIZE_18_total_count, 0,             0

ROW_SIZE_19_count, 0,             0
ROW_SIZE_19_total_count, 0,             0

ROW_SIZE_20_count, 0,             0
ROW_SIZE_20_total_count, 0,             0

ROW_SIZE_21_count, 0,             0
ROW_SIZE_21_total_count, 0,             0

ROW_SIZE_22_count, 0,             0
ROW_SIZE_22_total_count, 0,             0

ROW_SIZE_23_count, 0,             0
ROW_SIZE_23_total_count, 0,             0

ROW_SIZE_24_count, 0,             0
ROW_SIZE_24_total_count, 0,             0

ROW_SIZE_25_count, 0,             0
ROW_SIZE_25_total_count, 0,             0

ROW_SIZE_26_count, 0,             0
ROW_SIZE_26_total_count, 0,             0

ROW_SIZE_27_count, 0,             0
ROW_SIZE_27_total_count, 0,             0

ROW_SIZE_28_count, 0,             0
ROW_SIZE_28_total_count, 0,             0

ROW_SIZE_29_count, 0,             0
ROW_SIZE_29_total_count, 0,             0

ROW_SIZE_30_count, 0,             0
ROW_SIZE_30_total_count, 0,             0

ROW_SIZE_31_count, 0,             0
ROW_SIZE_31_total_count, 0,             0

RET_OP_EXEC_COUNT_0_count, 391,             0
RET_OP_EXEC_COUNT_0_total_count, 391,             0

RET_OP_EXEC_COUNT_1_count, 391,      38735502
RET_OP_EXEC_COUNT_1_total_count, 391,      77922936

RET_OP_EXEC_COUNT_2_count, 391,             0
RET_OP_EXEC_COUNT_2_total_count, 391,             0

RET_OP_EXEC_COUNT_3_count, 391,             0
RET_OP_EXEC_COUNT_3_total_count, 391,             0

RET_OP_EXEC_COUNT_4_count, 391,             0
RET_OP_EXEC_COUNT_4_total_count, 391,             0

RET_OP_EXEC_COUNT_5_count, 391,             0
RET_OP_EXEC_COUNT_5_total_count, 391,             0

RET_OP_EXEC_COUNT_6_count, 391,             0
RET_OP_EXEC_COUNT_6_total_count, 391,             0

RET_OP_EXEC_COUNT_7_count, 391,             0
RET_OP_EXEC_COUNT_7_total_count, 391,             0

RET_OP_EXEC_COUNT_8_count, 391,             0
RET_OP_EXEC_COUNT_8_total_count, 391,             0

RET_OP_EXEC_COUNT_9_count, 391,             0
RET_OP_EXEC_COUNT_9_total_count, 391,             0

RET_OP_EXEC_COUNT_10_count, 391,             0
RET_OP_EXEC_COUNT_10_total_count, 391,             0

RET_OP_EXEC_COUNT_11_count, 391,             0
RET_OP_EXEC_COUNT_11_total_count, 391,             0

RET_OP_EXEC_COUNT_12_count, 391,             0
RET_OP_EXEC_COUNT_12_total_count, 391,             0

RET_OP_EXEC_COUNT_13_count, 391,             0
RET_OP_EXEC_COUNT_13_total_count, 391,             0

RET_OP_EXEC_COUNT_14_count, 391,             0
RET_OP_EXEC_COUNT_14_total_count, 391,             0

RET_OP_EXEC_COUNT_15_count, 391,             0
RET_OP_EXEC_COUNT_15_total_count, 391,             0

RET_OP_EXEC_COUNT_16_count, 391,             0
RET_OP_EXEC_COUNT_16_total_count, 391,             0

RET_OP_EXEC_COUNT_17_count, 391,             0
RET_OP_EXEC_COUNT_17_total_count, 391,             0

RET_OP_EXEC_COUNT_18_count, 391,             0
RET_OP_EXEC_COUNT_18_total_count, 391,             0

RET_OP_EXEC_COUNT_19_count, 391,             0
RET_OP_EXEC_COUNT_19_total_count, 391,             0

RET_OP_EXEC_COUNT_20_count, 391,             0
RET_OP_EXEC_COUNT_20_total_count, 391,             0

RET_OP_EXEC_COUNT_21_count, 391,             0
RET_OP_EXEC_COUNT_21_total_count, 391,             0

RET_OP_EXEC_COUNT_22_count, 391,             0
RET_OP_EXEC_COUNT_22_total_count, 391,             0

RET_OP_EXEC_COUNT_23_count, 391,             0
RET_OP_EXEC_COUNT_23_total_count, 391,             0

RET_OP_EXEC_COUNT_24_count, 391,             0
RET_OP_EXEC_COUNT_24_total_count, 391,             0

RET_OP_EXEC_COUNT_25_count, 391,             0
RET_OP_EXEC_COUNT_25_total_count, 391,             0

RET_OP_EXEC_COUNT_26_count, 391,             0
RET_OP_EXEC_COUNT_26_total_count, 391,             0

RET_OP_EXEC_COUNT_27_count, 391,             0
RET_OP_EXEC_COUNT_27_total_count, 391,             0

RET_OP_EXEC_COUNT_28_count, 391,             0
RET_OP_EXEC_COUNT_28_total_count, 391,             0

RET_OP_EXEC_COUNT_29_count, 391,             0
RET_OP_EXEC_COUNT_29_total_count, 391,             0

RET_OP_EXEC_COUNT_30_count, 391,             0
RET_OP_EXEC_COUNT_30_total_count, 391,             0

RET_OP_EXEC_COUNT_31_count, 391,             0
RET_OP_EXEC_COUNT_31_total_count, 391,             0

RET_OP_EXEC_COUNT_32_count, 391,             0
RET_OP_EXEC_COUNT_32_total_count, 391,             0

RET_STALL_LENGTH_0_count, 392,      38733856
RET_STALL_LENGTH_0_total_count, 392,      77919696

RET_STALL_LENGTH_100_count, 392,          1096
RET_STALL_LENGTH_100_total_count, 392,          2208

RET_STALL_LENGTH_200_count, 392,            61
RET_STALL_LENGTH_200_total_count, 392,           114

RET_STALL_LENGTH_300_count, 392,            63
RET_STALL_LENGTH_300_total_count, 392,           118

RET_STALL_LENGTH_400_count, 392,           133
RET_STALL_LENGTH_400_total_count, 392,           254

RET_STALL_LENGTH_500_count, 392,           119
RET_STALL_LENGTH_500_total_count, 392,           226

RET_STALL_LENGTH_600_count, 392,            70
RET_STALL_LENGTH_600_total_count, 392,           120

RET_STALL_LENGTH_700_count, 392,            26
RET_STALL_LENGTH_700_total_count, 392,            52

RET_STALL_LENGTH_800_count, 392,            21
RET_STALL_LENGTH_800_total_count, 392,            41

RET_STALL_LENGTH_900_count, 392,             9
RET_STALL_LENGTH_900_total_count, 392,            16

RET_STALL_LENGTH_1000_count, 392,             5
RET_STALL_LENGTH_1000_total_count, 392,            10

RET_STALL_LENGTH_1100_count, 392,             8
RET_STALL_LENGTH_1100_total_count, 392,            11

RET_STALL_LENGTH_1200_count, 392,            11
RET_STALL_LENGTH_1200_total_count, 392,            16

RET_STALL_LENGTH_1300_count, 392,            10
RET_STALL_LENGTH_1300_total_count, 392,            15

RET_STALL_LENGTH_1400_count, 392,             2
RET_STALL_LENGTH_1400_total_count, 392,             5

RET_STALL_LENGTH_1500_count, 392,             3
RET_STALL_LENGTH_1500_total_count, 392,             6

RET_STALL_LENGTH_1600_count, 392,             0
RET_STALL_LENGTH_1600_total_count, 392,             7

RET_STALL_LENGTH_1700_count, 392,             3
RET_STALL_LENGTH_1700_total_count, 392,             7

RET_STALL_LENGTH_1800_count, 392,             4
RET_STALL_LENGTH_1800_total_count, 392,             9

RET_STALL_LENGTH_1900_count, 392,             0
RET_STALL_LENGTH_1900_total_count, 392,             0

RET_STALL_LENGTH_2000_count, 392,             1
RET_STALL_LENGTH_2000_total_count, 392,             3

RET_STALL_LENGTH_2100_count, 392,             1
RET_STALL_LENGTH_2100_total_count, 392,             2

RET_STALL_LENGTH_2200_count, 392,             0
RET_STALL_LENGTH_2200_total_count, 392,             0

RET_STALL_LENGTH_2300_count, 392,             0
RET_STALL_LENGTH_2300_total_count, 392,             0

RET_STALL_LENGTH_2400_count, 392,             0
RET_STALL_LENGTH_2400_total_count, 392,             0

RET_STALL_LENGTH_2500_count, 392,             0
RET_STALL_LENGTH_2500_total_count, 392,             0

RET_STALL_LENGTH_2600_count, 392,             0
RET_STALL_LENGTH_2600_total_count, 392,             0

RET_STALL_LENGTH_2700_count, 392,             0
RET_STALL_LENGTH_2700_total_count, 392,             0

RET_STALL_LENGTH_2800_count, 392,             0
RET_STALL_LENGTH_2800_total_count, 392,             0

RET_STALL_LENGTH_2900_count, 392,             0
RET_STALL_LENGTH_2900_total_count, 392,             0

RET_STALL_LENGTH_3000_count, 392,             0
RET_STALL_LENGTH_3000_total_count, 392,             0

RET_STALL_LENGTH_3100_count, 392,             0
RET_STALL_LENGTH_3100_total_count, 392,             0

RET_STALL_LENGTH_3200_count, 392,             0
RET_STALL_LENGTH_3200_total_count, 392,             0

RET_STALL_LENGTH_3300_count, 392,             0
RET_STALL_LENGTH_3300_total_count, 392,             0

RET_STALL_LENGTH_3400_count, 392,             0
RET_STALL_LENGTH_3400_total_count, 392,             0

RET_STALL_LENGTH_3500_count, 392,             0
RET_STALL_LENGTH_3500_total_count, 392,             0

RET_STALL_LENGTH_3600_count, 392,             0
RET_STALL_LENGTH_3600_total_count, 392,             0

RET_STALL_LENGTH_3700_count, 392,             0
RET_STALL_LENGTH_3700_total_count, 392,             0

RET_STALL_LENGTH_3800_count, 392,             0
RET_STALL_LENGTH_3800_total_count, 392,             0

RET_STALL_LENGTH_3900_count, 392,             0
RET_STALL_LENGTH_3900_total_count, 392,             0

RET_STALL_LENGTH_4000_count, 392,             0
RET_STALL_LENGTH_4000_total_count, 392,             0

RET_STALL_LENGTH_4100_count, 392,             0
RET_STALL_LENGTH_4100_total_count, 392,             0

RET_STALL_LENGTH_4200_count, 392,             0
RET_STALL_LENGTH_4200_total_count, 392,             0

RET_STALL_LENGTH_4300_count, 392,             0
RET_STALL_LENGTH_4300_total_count, 392,             0

RET_STALL_LENGTH_4400_count, 392,             0
RET_STALL_LENGTH_4400_total_count, 392,             0

RET_STALL_LENGTH_4500_count, 392,             0
RET_STALL_LENGTH_4500_total_count, 392,             0

RET_STALL_LENGTH_4600_count, 392,             0
RET_STALL_LENGTH_4600_total_count, 392,             0

RET_STALL_LENGTH_4700_count, 392,             0
RET_STALL_LENGTH_4700_total_count, 392,             0

RET_STALL_LENGTH_4800_count, 392,             0
RET_STALL_LENGTH_4800_total_count, 392,             0

RET_STALL_LENGTH_4900_count, 392,             0
RET_STALL_LENGTH_4900_total_count, 392,             0

RET_STALL_LENGTH_5000_count, 392,             0
RET_STALL_LENGTH_5000_total_count, 392,             0

MEM_BLOCK_LENGTH_0_count, 393,            69
MEM_BLOCK_LENGTH_0_total_count, 393,           131

MEM_BLOCK_LENGTH_100_count, 393,             1
MEM_BLOCK_LENGTH_100_total_count, 393,             7

MEM_BLOCK_LENGTH_200_count, 393,             1
MEM_BLOCK_LENGTH_200_total_count, 393,             1

MEM_BLOCK_LENGTH_300_count, 393,             2
MEM_BLOCK_LENGTH_300_total_count, 393,             5

MEM_BLOCK_LENGTH_400_count, 393,             2
MEM_BLOCK_LENGTH_400_total_count, 393,             3

MEM_BLOCK_LENGTH_500_count, 393,             1
MEM_BLOCK_LENGTH_500_total_count, 393,             1

MEM_BLOCK_LENGTH_600_count, 393,             1
MEM_BLOCK_LENGTH_600_total_count, 393,             1

MEM_BLOCK_LENGTH_700_count, 393,             0
MEM_BLOCK_LENGTH_700_total_count, 393,             0

MEM_BLOCK_LENGTH_800_count, 393,             0
MEM_BLOCK_LENGTH_800_total_count, 393,             0

MEM_BLOCK_LENGTH_900_count, 393,             0
MEM_BLOCK_LENGTH_900_total_count, 393,             0

MEM_BLOCK_LENGTH_1000_count, 393,             0
MEM_BLOCK_LENGTH_1000_total_count, 393,             0

MEM_BLOCK_LENGTH_1100_count, 393,             0
MEM_BLOCK_LENGTH_1100_total_count, 393,             0

MEM_BLOCK_LENGTH_1200_count, 393,             0
MEM_BLOCK_LENGTH_1200_total_count, 393,             0

MEM_BLOCK_LENGTH_1300_count, 393,             0
MEM_BLOCK_LENGTH_1300_total_count, 393,             0

MEM_BLOCK_LENGTH_1400_count, 393,             0
MEM_BLOCK_LENGTH_1400_total_count, 393,             0

MEM_BLOCK_LENGTH_1500_count, 393,             0
MEM_BLOCK_LENGTH_1500_total_count, 393,             0

MEM_BLOCK_LENGTH_1600_count, 393,             0
MEM_BLOCK_LENGTH_1600_total_count, 393,             0

MEM_BLOCK_LENGTH_1700_count, 393,             0
MEM_BLOCK_LENGTH_1700_total_count, 393,             0

MEM_BLOCK_LENGTH_1800_count, 393,             0
MEM_BLOCK_LENGTH_1800_total_count, 393,             0

MEM_BLOCK_LENGTH_1900_count, 393,             0
MEM_BLOCK_LENGTH_1900_total_count, 393,             0

MEM_BLOCK_LENGTH_2000_count, 393,             0
MEM_BLOCK_LENGTH_2000_total_count, 393,             0

MEM_BLOCK_LENGTH_2100_count, 393,             0
MEM_BLOCK_LENGTH_2100_total_count, 393,             0

MEM_BLOCK_LENGTH_2200_count, 393,             0
MEM_BLOCK_LENGTH_2200_total_count, 393,             0

MEM_BLOCK_LENGTH_2300_count, 393,             0
MEM_BLOCK_LENGTH_2300_total_count, 393,             0

MEM_BLOCK_LENGTH_2400_count, 393,             0
MEM_BLOCK_LENGTH_2400_total_count, 393,             0

MEM_BLOCK_LENGTH_2500_count, 393,             0
MEM_BLOCK_LENGTH_2500_total_count, 393,             0

MEM_BLOCK_LENGTH_2600_count, 393,             0
MEM_BLOCK_LENGTH_2600_total_count, 393,             0

MEM_BLOCK_LENGTH_2700_count, 393,             0
MEM_BLOCK_LENGTH_2700_total_count, 393,             0

MEM_BLOCK_LENGTH_2800_count, 393,             0
MEM_BLOCK_LENGTH_2800_total_count, 393,             0

MEM_BLOCK_LENGTH_2900_count, 393,             0
MEM_BLOCK_LENGTH_2900_total_count, 393,             0

MEM_BLOCK_LENGTH_3000_count, 393,             0
MEM_BLOCK_LENGTH_3000_total_count, 393,             0

MEM_BLOCK_LENGTH_3100_count, 393,             0
MEM_BLOCK_LENGTH_3100_total_count, 393,             0

MEM_BLOCK_LENGTH_3200_count, 393,             0
MEM_BLOCK_LENGTH_3200_total_count, 393,             0

MEM_BLOCK_LENGTH_3300_count, 393,             0
MEM_BLOCK_LENGTH_3300_total_count, 393,             0

MEM_BLOCK_LENGTH_3400_count, 393,             0
MEM_BLOCK_LENGTH_3400_total_count, 393,             0

MEM_BLOCK_LENGTH_3500_count, 393,             0
MEM_BLOCK_LENGTH_3500_total_count, 393,             0

MEM_BLOCK_LENGTH_3600_count, 393,             0
MEM_BLOCK_LENGTH_3600_total_count, 393,             0

MEM_BLOCK_LENGTH_3700_count, 393,             0
MEM_BLOCK_LENGTH_3700_total_count, 393,             0

MEM_BLOCK_LENGTH_3800_count, 393,             0
MEM_BLOCK_LENGTH_3800_total_count, 393,             0

MEM_BLOCK_LENGTH_3900_count, 393,             0
MEM_BLOCK_LENGTH_3900_total_count, 393,             0

MEM_BLOCK_LENGTH_4000_count, 393,             0
MEM_BLOCK_LENGTH_4000_total_count, 393,             0

MEM_BLOCK_LENGTH_4100_count, 393,             0
MEM_BLOCK_LENGTH_4100_total_count, 393,             0

MEM_BLOCK_LENGTH_4200_count, 393,             0
MEM_BLOCK_LENGTH_4200_total_count, 393,             0

MEM_BLOCK_LENGTH_4300_count, 393,             0
MEM_BLOCK_LENGTH_4300_total_count, 393,             0

MEM_BLOCK_LENGTH_4400_count, 393,             0
MEM_BLOCK_LENGTH_4400_total_count, 393,             0

MEM_BLOCK_LENGTH_4500_count, 393,             0
MEM_BLOCK_LENGTH_4500_total_count, 393,             0

MEM_BLOCK_LENGTH_4600_count, 393,             0
MEM_BLOCK_LENGTH_4600_total_count, 393,             0

MEM_BLOCK_LENGTH_4700_count, 393,             0
MEM_BLOCK_LENGTH_4700_total_count, 393,             0

MEM_BLOCK_LENGTH_4800_count, 393,             0
MEM_BLOCK_LENGTH_4800_total_count, 393,             0

MEM_BLOCK_LENGTH_4900_count, 393,             0
MEM_BLOCK_LENGTH_4900_total_count, 393,             0

MEM_BLOCK_LENGTH_5000_count, 393,             0
MEM_BLOCK_LENGTH_5000_total_count, 393,             0

FUS_BUSY_ON_PATH_count, 0,      38746494
FUS_BUSY_ON_PATH_pct, 0,        0.996
FUS_BUSY_ON_PATH_total_count, 0,      77942241
FUS_BUSY_ON_PATH_total_pct, 0,        1.564

FUS_BUSY_OFF_PATH_count, 0,      15149784
FUS_BUSY_OFF_PATH_pct, 0,        0.390
FUS_BUSY_OFF_PATH_total_count, 0,      15544409
FUS_BUSY_OFF_PATH_total_pct, 0,        0.312

FU_BUSY_MEM_STALL_count, 0,         19464
FU_BUSY_MEM_STALL_pct, 0,        0.001
FU_BUSY_MEM_STALL_total_count, 0,         30134
FU_BUSY_MEM_STALL_total_pct, 0,        0.001

FUS_EMPTY_count, 0,     257207354
FUS_EMPTY_pct, 0,        6.614
FUS_EMPTY_total_count, 0,     305071942
FUS_EMPTY_total_pct, 0,        6.124

FU_UNAVAILABLE_count, 0,          1572
FU_UNAVAILABLE_pct, 0,        0.000
FU_UNAVAILABLE_total_count, 0,          2701
FU_UNAVAILABLE_total_pct, 0,        0.000

FU_MEM_UNAVAILABLE_count, 0,         14161
FU_MEM_UNAVAILABLE_pct, 0,        0.000
FU_MEM_UNAVAILABLE_total_count, 0,         22023
FU_MEM_UNAVAILABLE_total_pct, 0,        0.000

FU_OTHER_UNAVAILABLE_count, 0,             0
FU_OTHER_UNAVAILABLE_pct, 0,        0.000
FU_OTHER_UNAVAILABLE_total_count, 0,             0
FU_OTHER_UNAVAILABLE_total_pct, 0,        0.000

FU_REPLAY_count, 0,             0
FU_REPLAY_pct, 0,        0.000
FU_REPLAY_total_count, 0,             0
FU_REPLAY_total_pct, 0,        0.000

FU_STARVED_count, 0,     248051964
FU_STARVED_pct, 0,        6.379
FU_STARVED_total_count, 0,     295849354
FU_STARVED_total_pct, 0,        5.938

CHIP_UTILIZATION_count, 0,             0
CHIP_UTILIZATION_pct, 0,        0.000
CHIP_UTILIZATION_total_count, 0,             0
CHIP_UTILIZATION_total_pct, 0,        0.000

CYCLES_UNDER_MEM_REQ_count, 0,             0
CYCLES_UNDER_MEM_REQ_total_count, 0,             0

CYCLES_UNDER_NO_MEM_REQ_count, 0,             0
CYCLES_UNDER_NO_MEM_REQ_total_count, 0,             0

CYCLES_UNDER_CRITICAL_MEM_REQ_count, 0,             0
CYCLES_UNDER_CRITICAL_MEM_REQ_total_count, 0,             0

CYCLES_UNDER_NONCRITICAL_MEM_REQ_count, 0,             0
CYCLES_UNDER_NONCRITICAL_MEM_REQ_total_count, 0,             0

CHIP_UTILIZATION_UNDER_MEM_REQ_count, 0,             0
CHIP_UTILIZATION_UNDER_MEM_REQ_pct, 0,         -nan
CHIP_UTILIZATION_UNDER_MEM_REQ_total_count, 0,             0
CHIP_UTILIZATION_UNDER_MEM_REQ_total_pct, 0,         -nan

CHIP_UTILIZATION_UNDER_NO_MEM_REQ_count, 0,             0
CHIP_UTILIZATION_UNDER_NO_MEM_REQ_pct, 0,         -nan
CHIP_UTILIZATION_UNDER_NO_MEM_REQ_total_count, 0,             0
CHIP_UTILIZATION_UNDER_NO_MEM_REQ_total_pct, 0,         -nan

CHIP_UTILIZATION_UNDER_CRITICAL_MEM_REQ_count, 0,             0
CHIP_UTILIZATION_UNDER_CRITICAL_MEM_REQ_pct, 0,         -nan
CHIP_UTILIZATION_UNDER_CRITICAL_MEM_REQ_total_count, 0,             0
CHIP_UTILIZATION_UNDER_CRITICAL_MEM_REQ_total_pct, 0,         -nan

CHIP_UTILIZATION_UNDER_NONCRITICAL_MEM_REQ_count, 0,             0
CHIP_UTILIZATION_UNDER_NONCRITICAL_MEM_REQ_pct, 0,         -nan
CHIP_UTILIZATION_UNDER_NONCRITICAL_MEM_REQ_total_count, 0,             0
CHIP_UTILIZATION_UNDER_NONCRITICAL_MEM_REQ_total_pct, 0,         -nan

CYCLES_NOT_WAITING_FOR_OFF_CHIP_count, 0,             0
CYCLES_NOT_WAITING_FOR_OFF_CHIP_pct, 0,        0.000
CYCLES_NOT_WAITING_FOR_OFF_CHIP_total_count, 0,             0
CYCLES_NOT_WAITING_FOR_OFF_CHIP_total_pct, 0,        0.000

FUS_BUSY_NOT_WAITING_FOR_OFF_CHIP_count, 0,             0
FUS_BUSY_NOT_WAITING_FOR_OFF_CHIP_pct, 0,         -nan
FUS_BUSY_NOT_WAITING_FOR_OFF_CHIP_total_count, 0,             0
FUS_BUSY_NOT_WAITING_FOR_OFF_CHIP_total_pct, 0,         -nan

CYCLES_WAITING_FOR_OFF_CHIP_count, 0,             0
CYCLES_WAITING_FOR_OFF_CHIP_pct, 0,        0.000
CYCLES_WAITING_FOR_OFF_CHIP_total_count, 0,             0
CYCLES_WAITING_FOR_OFF_CHIP_total_pct, 0,        0.000

FUS_BUSY_WAITING_FOR_OFF_CHIP_count, 0,             0
FUS_BUSY_WAITING_FOR_OFF_CHIP_pct, 0,         -nan
FUS_BUSY_WAITING_FOR_OFF_CHIP_total_count, 0,             0
FUS_BUSY_WAITING_FOR_OFF_CHIP_total_pct, 0,         -nan

TOTAL_OFF_CHIP_DELAYS_LEFT_count, 0,             0
TOTAL_OFF_CHIP_DELAYS_LEFT_total_count, 0,             0

WRONG_IO_SCHED_count, 0,             0
WRONG_IO_SCHED_total_count, 0,             0

DVFS_CONFIG_SWITCH_count, 0,             0
DVFS_CONFIG_SWITCH_total_count, 0,             0

MAP_STAGE_RECEIVED_OPS_0_count, 394,             0
MAP_STAGE_RECEIVED_OPS_0_total_count, 394,             0

MAP_STAGE_RECEIVED_OPS_1_count, 394,          7131
MAP_STAGE_RECEIVED_OPS_1_total_count, 394,         12371

MAP_STAGE_RECEIVED_OPS_2_count, 394,          8851
MAP_STAGE_RECEIVED_OPS_2_total_count, 394,         13802

MAP_STAGE_RECEIVED_OPS_3_count, 394,         15197
MAP_STAGE_RECEIVED_OPS_3_total_count, 394,         23716

MAP_STAGE_RECEIVED_OPS_4_count, 394,       6781830
MAP_STAGE_RECEIVED_OPS_4_total_count, 394,      16512224

MAP_STAGE_RECEIVED_OPS_5_count, 394,          3761
MAP_STAGE_RECEIVED_OPS_5_total_count, 394,          5401

MAP_STAGE_RECEIVED_OPS_6_count, 394,         44528
MAP_STAGE_RECEIVED_OPS_6_total_count, 394,         70570

MAP_STAGE_RECEIVED_OPS_7_count, 394,             0
MAP_STAGE_RECEIVED_OPS_7_total_count, 394,             0

MAP_STAGE_RECEIVED_OPS_8_count, 394,             0
MAP_STAGE_RECEIVED_OPS_8_total_count, 394,             0

MAP_STAGE_RECEIVED_OPS_MAX_count, 394,             0
MAP_STAGE_RECEIVED_OPS_MAX_total_count, 394,             0

MAP_STAGE_WAIT_FOR_DECODE_count, 395,             0
MAP_STAGE_WAIT_FOR_DECODE_total_count, 395,             0

MAP_STAGE_CONSUME_DECODE_count, 395,             0
MAP_STAGE_CONSUME_DECODE_total_count, 395,             0

MAP_STAGE_WAIT_FOR_DECODE2_count, 396,             0
MAP_STAGE_WAIT_FOR_DECODE2_total_count, 396,             0

MAP_STAGE_CONSUME_DECODE2_count, 396,             0
MAP_STAGE_CONSUME_DECODE2_total_count, 396,             0

FTQ_RECOVER_EXEC_count, 0,       2822124
FTQ_RECOVER_EXEC_total_count, 0,       2843683

FTQ_RECOVER_DECODE_count, 0,           669
FTQ_RECOVER_DECODE_total_count, 0,          2096

FTQ_OFFPATH_CYCLES_count, 0,      32080719
FTQ_OFFPATH_CYCLES_total_count, 0,      33274431

FTQ_CYCLES_OFFPATH_count, 0,      32080720
FTQ_CYCLES_OFFPATH_total_count, 0,      33274432

FTQ_CYCLES_ONPATH_count, 0,       6807234
FTQ_CYCLES_ONPATH_total_count, 0,      16545392

FTQ_FETCHED_INS_ONPATH_count, 0,      38735430
FTQ_FETCHED_INS_ONPATH_total_count, 0,      77922944

FTQ_FETCHED_INS_OFFPATH_count, 0,     236392427
FTQ_FETCHED_INS_OFFPATH_total_count, 0,     241242794

FTQ_BREAK_FULL_FT_ONPATH_count, 0,          5479
FTQ_BREAK_FULL_FT_ONPATH_total_count, 0,         13958

FTQ_BREAK_FULL_FT_OFFPATH_count, 0,        759315
FTQ_BREAK_FULL_FT_OFFPATH_total_count, 0,       1502041

FTQ_BREAK_PRED_BR_ONPATH_count, 0,             0
FTQ_BREAK_PRED_BR_ONPATH_total_count, 0,             0

FTQ_BREAK_PRED_BR_OFFPATH_count, 0,             0
FTQ_BREAK_PRED_BR_OFFPATH_total_count, 0,             0

FTQ_BREAK_BAR_FETCH_ONPATH_count, 0,             0
FTQ_BREAK_BAR_FETCH_ONPATH_total_count, 0,             0

FTQ_BREAK_BAR_FETCH_OFFPATH_count, 0,             0
FTQ_BREAK_BAR_FETCH_OFFPATH_total_count, 0,             0

FTQ_BREAK_MAX_CFS_TAKEN_ONPATH_count, 0,             0
FTQ_BREAK_MAX_CFS_TAKEN_ONPATH_total_count, 0,             0

FTQ_BREAK_MAX_CFS_TAKEN_OFFPATH_count, 0,             0
FTQ_BREAK_MAX_CFS_TAKEN_OFFPATH_total_count, 0,             0

FTQ_BREAK_MAX_FT_ONPATH_count, 0,       6801754
FTQ_BREAK_MAX_FT_ONPATH_total_count, 0,      16531433

FTQ_BREAK_MAX_FT_OFFPATH_count, 0,      31321406
FTQ_BREAK_MAX_FT_OFFPATH_total_count, 0,      31772392

DFE_GEN_ON_PATH_FT_count, 0,       9629982
DFE_GEN_ON_PATH_FT_total_count, 0,      19391027

DFE_GEN_OFF_PATH_FT_count, 0,      28527422
DFE_GEN_OFF_PATH_FT_total_count, 0,      28981892

DFE_L0_ENABLED_PREDICTIONS_count, 0,      38735426
DFE_L0_ENABLED_PREDICTIONS_total_count, 0,      77922940

DFE_L0_WRONG_MAIN_CORRECT_count, 0,          3198
DFE_L0_WRONG_MAIN_CORRECT_total_count, 0,          5312

DFE_L0_WRONG_MAIN_WRONG_count, 0,          5005
DFE_L0_WRONG_MAIN_WRONG_total_count, 0,          9554

DFE_L0_CORRECT_MAIN_WRONG_count, 0,       2813953
DFE_L0_CORRECT_MAIN_WRONG_total_count, 0,       2828545

DFE_L0_CORRECT_MAIN_CORRECT_count, 0,      35913270
DFE_L0_CORRECT_MAIN_CORRECT_total_count, 0,      75079529

DFE_L0_WRONG_MAIN_CORRECT_RECOVERY_SCHEDULED_count, 0,             0
DFE_L0_WRONG_MAIN_CORRECT_RECOVERY_SCHEDULED_total_count, 0,             0

FTQ_SAW_BAR_FETCH_OFFPATH_count, 0,             0
FTQ_SAW_BAR_FETCH_OFFPATH_total_count, 0,             0

FTQ_SAW_BAR_FETCH_ONPATH_count, 0,             0
FTQ_SAW_BAR_FETCH_ONPATH_total_count, 0,             0

DFE_CONF_0_MISPRED_count, 397,             0
DFE_CONF_0_MISPRED_total_count, 397,             0

DFE_CONF_1_MISPRED_count, 397,             0
DFE_CONF_1_MISPRED_total_count, 397,             0

DFE_CONF_2_MISPRED_count, 397,             0
DFE_CONF_2_MISPRED_total_count, 397,             0

DFE_CONF_3_MISPRED_count, 397,             0
DFE_CONF_3_MISPRED_total_count, 397,             0

DFE_CONF_0_CORRECT_count, 397,             0
DFE_CONF_0_CORRECT_total_count, 397,             0

DFE_CONF_1_CORRECT_count, 397,             0
DFE_CONF_1_CORRECT_total_count, 397,             0

DFE_CONF_2_CORRECT_count, 397,             0
DFE_CONF_2_CORRECT_total_count, 397,             0

DFE_CONF_3_CORRECT_count, 397,             0
DFE_CONF_3_CORRECT_total_count, 397,             0

DFE_ON_CONF_ON_OPS_count, 398,             0
DFE_ON_CONF_ON_OPS_total_count, 398,             0

DFE_ON_CONF_OFF_OPS_count, 398,             0
DFE_ON_CONF_OFF_OPS_total_count, 398,             0

DFE_OFF_CONF_ON_OPS_count, 398,             0
DFE_OFF_CONF_ON_OPS_total_count, 398,             0

DFE_OFF_CONF_OFF_REALISTIC_OPS_count, 398,             0
DFE_OFF_CONF_OFF_REALISTIC_OPS_total_count, 398,             0

DFE_OFF_CONF_OFF_PERFECT_OPS_count, 398,             0
DFE_OFF_CONF_OFF_PERFECT_OPS_total_count, 398,             0

DFE_ON_CONF_ON_FETCH_TARGETS_count, 399,             0
DFE_ON_CONF_ON_FETCH_TARGETS_total_count, 399,             0

DFE_ON_CONF_OFF_FETCH_TARGETS_count, 399,             0
DFE_ON_CONF_OFF_FETCH_TARGETS_total_count, 399,             0

DFE_OFF_CONF_ON_FETCH_TARGETS_count, 399,             0
DFE_OFF_CONF_ON_FETCH_TARGETS_total_count, 399,             0

DFE_OFF_CONF_OFF_REALISTIC_FETCH_TARGETS_count, 399,             0
DFE_OFF_CONF_OFF_REALISTIC_FETCH_TARGETS_total_count, 399,             0

DFE_OFF_CONF_OFF_PERFECT_FETCH_TARGETS_count, 399,             0
DFE_OFF_CONF_OFF_PERFECT_FETCH_TARGETS_total_count, 399,             0

DFE_ON_CONF_ON_CYCLES_count, 400,             0
DFE_ON_CONF_ON_CYCLES_total_count, 400,             0

DFE_ON_CONF_OFF_CYCLES_count, 400,             0
DFE_ON_CONF_OFF_CYCLES_total_count, 400,             0

DFE_OFF_CONF_ON_CYCLES_count, 400,             0
DFE_OFF_CONF_ON_CYCLES_total_count, 400,             0

DFE_OFF_CONF_OFF_REALISTIC_CYCLES_count, 400,             0
DFE_OFF_CONF_OFF_REALISTIC_CYCLES_total_count, 400,             0

DFE_OFF_CONF_OFF_PERFECT_CYCLES_count, 400,             0
DFE_OFF_CONF_OFF_PERFECT_CYCLES_total_count, 400,             0

DFE_OFF_CONF_ON_NUM_EVENTS_count, 0,             0
DFE_OFF_CONF_ON_NUM_EVENTS_total_count, 0,             0

DFE_OFF_CONF_ON_NOT_IDENTIFIED_EVENTS_count, 401,             0
DFE_OFF_CONF_ON_NOT_IDENTIFIED_EVENTS_total_count, 401,             0

DFE_OFF_CONF_ON_IBTB_MISS_EVENTS_count, 401,             0
DFE_OFF_CONF_ON_IBTB_MISS_EVENTS_total_count, 401,             0

DFE_OFF_CONF_ON_BTB_MISS_EVENTS_count, 401,             0
DFE_OFF_CONF_ON_BTB_MISS_EVENTS_total_count, 401,             0

DFE_OFF_CONF_ON_BTB_MISS_MISPRED_EVENTS_count, 401,             0
DFE_OFF_CONF_ON_BTB_MISS_MISPRED_EVENTS_total_count, 401,             0

DFE_OFF_CONF_ON_MISPRED_EVENTS_count, 401,             0
DFE_OFF_CONF_ON_MISPRED_EVENTS_total_count, 401,             0

DFE_OFF_CONF_ON_MISFETCH_EVENTS_count, 401,             0
DFE_OFF_CONF_ON_MISFETCH_EVENTS_total_count, 401,             0

DFE_OFF_CONF_ON_NOT_IDENTIFIED_CYCLES_count, 402,             0
DFE_OFF_CONF_ON_NOT_IDENTIFIED_CYCLES_total_count, 402,             0

DFE_OFF_CONF_ON_IBTB_MISS_CYCLES_count, 402,             0
DFE_OFF_CONF_ON_IBTB_MISS_CYCLES_total_count, 402,             0

DFE_OFF_CONF_ON_BTB_MISS_CYCLES_count, 402,             0
DFE_OFF_CONF_ON_BTB_MISS_CYCLES_total_count, 402,             0

DFE_OFF_CONF_ON_BTB_MISS_MISPRED_CYCLES_count, 402,             0
DFE_OFF_CONF_ON_BTB_MISS_MISPRED_CYCLES_total_count, 402,             0

DFE_OFF_CONF_ON_MISPRED_CYCLES_count, 402,             0
DFE_OFF_CONF_ON_MISPRED_CYCLES_total_count, 402,             0

DFE_OFF_CONF_ON_MISFETCH_CYCLES_count, 402,             0
DFE_OFF_CONF_ON_MISFETCH_CYCLES_total_count, 402,             0

DFE_OFF_CONF_ON_NOT_IDENTIFIED_FETCH_TARGETS_count, 403,             0
DFE_OFF_CONF_ON_NOT_IDENTIFIED_FETCH_TARGETS_total_count, 403,             0

DFE_OFF_CONF_ON_IBTB_MISS_FETCH_TARGETS_count, 403,             0
DFE_OFF_CONF_ON_IBTB_MISS_FETCH_TARGETS_total_count, 403,             0

DFE_OFF_CONF_ON_BTB_MISS_FETCH_TARGETS_count, 403,             0
DFE_OFF_CONF_ON_BTB_MISS_FETCH_TARGETS_total_count, 403,             0

DFE_OFF_CONF_ON_BTB_MISS_MISPRED_FETCH_TARGETS_count, 403,             0
DFE_OFF_CONF_ON_BTB_MISS_MISPRED_FETCH_TARGETS_total_count, 403,             0

DFE_OFF_CONF_ON_MISPRED_FETCH_TARGETS_count, 403,             0
DFE_OFF_CONF_ON_MISPRED_FETCH_TARGETS_total_count, 403,             0

DFE_OFF_CONF_ON_MISFETCH_FETCH_TARGETS_count, 403,             0
DFE_OFF_CONF_ON_MISFETCH_FETCH_TARGETS_total_count, 403,             0

DFE_OFF_CONF_ON_BP_INCORRECT_0_CONF_count, 404,             0
DFE_OFF_CONF_ON_BP_INCORRECT_0_CONF_total_count, 404,             0

DFE_OFF_CONF_ON_BP_INCORRECT_1_CONF_count, 404,             0
DFE_OFF_CONF_ON_BP_INCORRECT_1_CONF_total_count, 404,             0

DFE_OFF_CONF_ON_BP_INCORRECT_2_CONF_count, 404,             0
DFE_OFF_CONF_ON_BP_INCORRECT_2_CONF_total_count, 404,             0

DFE_OFF_CONF_ON_BP_INCORRECT_3_CONF_count, 404,             0
DFE_OFF_CONF_ON_BP_INCORRECT_3_CONF_total_count, 404,             0

DFE_OFF_CONF_ON_BTB_MISS_CBR_0_CONF_count, 405,             0
DFE_OFF_CONF_ON_BTB_MISS_CBR_0_CONF_total_count, 405,             0

DFE_OFF_CONF_ON_BTB_MISS_CBR_1_CONF_count, 405,             0
DFE_OFF_CONF_ON_BTB_MISS_CBR_1_CONF_total_count, 405,             0

DFE_OFF_CONF_ON_BTB_MISS_CBR_2_CONF_count, 405,             0
DFE_OFF_CONF_ON_BTB_MISS_CBR_2_CONF_total_count, 405,             0

DFE_OFF_CONF_ON_BTB_MISS_CBR_3_CONF_count, 405,             0
DFE_OFF_CONF_ON_BTB_MISS_CBR_3_CONF_total_count, 405,             0

DFE_OFF_CONF_ON_BTB_MISS_NOT_CF_count, 406,             0
DFE_OFF_CONF_ON_BTB_MISS_NOT_CF_total_count, 406,             0

DFE_OFF_CONF_ON_BTB_MISS_CF_BR_count, 406,             0
DFE_OFF_CONF_ON_BTB_MISS_CF_BR_total_count, 406,             0

DFE_OFF_CONF_ON_BTB_MISS_CF_CBR_count, 406,             0
DFE_OFF_CONF_ON_BTB_MISS_CF_CBR_total_count, 406,             0

DFE_OFF_CONF_ON_BTB_MISS_CF_CALL_count, 406,             0
DFE_OFF_CONF_ON_BTB_MISS_CF_CALL_total_count, 406,             0

DFE_OFF_CONF_ON_BTB_MISS_CF_IBR_count, 406,             0
DFE_OFF_CONF_ON_BTB_MISS_CF_IBR_total_count, 406,             0

DFE_OFF_CONF_ON_BTB_MISS_CF_ICALL_count, 406,             0
DFE_OFF_CONF_ON_BTB_MISS_CF_ICALL_total_count, 406,             0

DFE_OFF_CONF_ON_BTB_MISS_CF_ICO_count, 406,             0
DFE_OFF_CONF_ON_BTB_MISS_CF_ICO_total_count, 406,             0

DFE_OFF_CONF_ON_BTB_MISS_CF_RET_count, 406,             0
DFE_OFF_CONF_ON_BTB_MISS_CF_RET_total_count, 406,             0

DFE_OFF_CONF_ON_BTB_MISS_CF_SYS_count, 406,             0
DFE_OFF_CONF_ON_BTB_MISS_CF_SYS_total_count, 406,             0

DFE_ON_CONF_OFF_NUM_EVENTS_count, 0,             0
DFE_ON_CONF_OFF_NUM_EVENTS_total_count, 0,             0

CONF_BTB_NUM_CYCLES_OFF_PATH_EVENT_count, 0,             0
CONF_BTB_NUM_CYCLES_OFF_PATH_EVENT_total_count, 0,             0

DFE_ON_CONF_OFF_IBTB_MISS_BP_TAKEN_count, 407,             0
DFE_ON_CONF_OFF_IBTB_MISS_BP_TAKEN_total_count, 407,             0

DFE_ON_CONF_OFF_BTB_MISS_BP_TAKEN_CONF_0_count, 407,             0
DFE_ON_CONF_OFF_BTB_MISS_BP_TAKEN_CONF_0_total_count, 407,             0

DFE_ON_CONF_OFF_BTB_MISS_BP_TAKEN_CONF_1_count, 407,             0
DFE_ON_CONF_OFF_BTB_MISS_BP_TAKEN_CONF_1_total_count, 407,             0

DFE_ON_CONF_OFF_BTB_MISS_BP_TAKEN_CONF_2_count, 407,             0
DFE_ON_CONF_OFF_BTB_MISS_BP_TAKEN_CONF_2_total_count, 407,             0

DFE_ON_CONF_OFF_BTB_MISS_BP_TAKEN_CONF_3_count, 407,             0
DFE_ON_CONF_OFF_BTB_MISS_BP_TAKEN_CONF_3_total_count, 407,             0

DFE_ON_CONF_OFF_BTB_MISS_RATE_count, 407,             0
DFE_ON_CONF_OFF_BTB_MISS_RATE_total_count, 407,             0

DFE_ON_CONF_OFF_IBTB_MISS_RATE_count, 407,             0
DFE_ON_CONF_OFF_IBTB_MISS_RATE_total_count, 407,             0

DFE_ON_CONF_OFF_MISFETCH_RATE_count, 407,             0
DFE_ON_CONF_OFF_MISFETCH_RATE_total_count, 407,             0

DFE_ON_CONF_OFF_MISPRED_RATE_count, 407,             0
DFE_ON_CONF_OFF_MISPRED_RATE_total_count, 407,             0

DFE_ON_CONF_OFF_INV_CONF_INC_count, 407,             0
DFE_ON_CONF_OFF_INV_CONF_INC_total_count, 407,             0

DFE_ON_CONF_OFF_PERFECT_CONF_count, 407,             0
DFE_ON_CONF_OFF_PERFECT_CONF_total_count, 407,             0

DFE_ON_CONF_OFF_IBTB_MISS_BP_TAKEN_CYCLES_count, 408,             0
DFE_ON_CONF_OFF_IBTB_MISS_BP_TAKEN_CYCLES_total_count, 408,             0

DFE_ON_CONF_OFF_BTB_MISS_BP_TAKEN_CONF_0_CYCLES_count, 408,             0
DFE_ON_CONF_OFF_BTB_MISS_BP_TAKEN_CONF_0_CYCLES_total_count, 408,             0

DFE_ON_CONF_OFF_BTB_MISS_BP_TAKEN_CONF_1_CYCLES_count, 408,             0
DFE_ON_CONF_OFF_BTB_MISS_BP_TAKEN_CONF_1_CYCLES_total_count, 408,             0

DFE_ON_CONF_OFF_BTB_MISS_BP_TAKEN_CONF_2_CYCLES_count, 408,             0
DFE_ON_CONF_OFF_BTB_MISS_BP_TAKEN_CONF_2_CYCLES_total_count, 408,             0

DFE_ON_CONF_OFF_BTB_MISS_BP_TAKEN_CONF_3_CYCLES_count, 408,             0
DFE_ON_CONF_OFF_BTB_MISS_BP_TAKEN_CONF_3_CYCLES_total_count, 408,             0

DFE_ON_CONF_OFF_BTB_MISS_RATE_CYCLES_count, 408,             0
DFE_ON_CONF_OFF_BTB_MISS_RATE_CYCLES_total_count, 408,             0

DFE_ON_CONF_OFF_IBTB_MISS_RATE_CYCLES_count, 408,             0
DFE_ON_CONF_OFF_IBTB_MISS_RATE_CYCLES_total_count, 408,             0

DFE_ON_CONF_OFF_MISFETCH_RATE_CYCLES_count, 408,             0
DFE_ON_CONF_OFF_MISFETCH_RATE_CYCLES_total_count, 408,             0

DFE_ON_CONF_OFF_MISPRED_RATE_CYCLES_count, 408,             0
DFE_ON_CONF_OFF_MISPRED_RATE_CYCLES_total_count, 408,             0

DFE_ON_CONF_OFF_INV_CONF_INC_CYCLES_count, 408,             0
DFE_ON_CONF_OFF_INV_CONF_INC_CYCLES_total_count, 408,             0

DFE_ON_CONF_OFF_PERFECT_CONF_CYCLES_count, 408,             0
DFE_ON_CONF_OFF_PERFECT_CONF_CYCLES_total_count, 408,             0

DFE_ON_CONF_OFF_IBTB_MISS_BP_TAKEN_FETCH_TARGETS_count, 409,             0
DFE_ON_CONF_OFF_IBTB_MISS_BP_TAKEN_FETCH_TARGETS_total_count, 409,             0

DFE_ON_CONF_OFF_BTB_MISS_BP_TAKEN_CONF_0_FETCH_TARGETS_count, 409,             0
DFE_ON_CONF_OFF_BTB_MISS_BP_TAKEN_CONF_0_FETCH_TARGETS_total_count, 409,             0

DFE_ON_CONF_OFF_BTB_MISS_BP_TAKEN_CONF_1_FETCH_TARGETS_count, 409,             0
DFE_ON_CONF_OFF_BTB_MISS_BP_TAKEN_CONF_1_FETCH_TARGETS_total_count, 409,             0

DFE_ON_CONF_OFF_BTB_MISS_BP_TAKEN_CONF_2_FETCH_TARGETS_count, 409,             0
DFE_ON_CONF_OFF_BTB_MISS_BP_TAKEN_CONF_2_FETCH_TARGETS_total_count, 409,             0

DFE_ON_CONF_OFF_BTB_MISS_BP_TAKEN_CONF_3_FETCH_TARGETS_count, 409,             0
DFE_ON_CONF_OFF_BTB_MISS_BP_TAKEN_CONF_3_FETCH_TARGETS_total_count, 409,             0

DFE_ON_CONF_OFF_BTB_MISS_RATE_FETCH_TARGETS_count, 409,             0
DFE_ON_CONF_OFF_BTB_MISS_RATE_FETCH_TARGETS_total_count, 409,             0

DFE_ON_CONF_OFF_IBTB_MISS_RATE_FETCH_TARGETS_count, 409,             0
DFE_ON_CONF_OFF_IBTB_MISS_RATE_FETCH_TARGETS_total_count, 409,             0

DFE_ON_CONF_OFF_MISFETCH_RATE_FETCH_TARGETS_count, 409,             0
DFE_ON_CONF_OFF_MISFETCH_RATE_FETCH_TARGETS_total_count, 409,             0

DFE_ON_CONF_OFF_MISPRED_RATE_FETCH_TARGETS_count, 409,             0
DFE_ON_CONF_OFF_MISPRED_RATE_FETCH_TARGETS_total_count, 409,             0

DFE_ON_CONF_OFF_INV_CONF_INC_FETCH_TARGETS_count, 409,             0
DFE_ON_CONF_OFF_INV_CONF_INC_FETCH_TARGETS_total_count, 409,             0

DFE_ON_CONF_OFF_PERFECT_CONF_FETCH_TARGETS_count, 409,             0
DFE_ON_CONF_OFF_PERFECT_CONF_FETCH_TARGETS_total_count, 409,             0

CONF_OFF_IBTB_MISS_BP_TAKEN_count, 410,             0
CONF_OFF_IBTB_MISS_BP_TAKEN_total_count, 410,             0

CONF_OFF_BTB_MISS_BP_TAKEN_CONF_0_count, 410,             0
CONF_OFF_BTB_MISS_BP_TAKEN_CONF_0_total_count, 410,             0

CONF_OFF_BTB_MISS_BP_TAKEN_CONF_1_count, 410,             0
CONF_OFF_BTB_MISS_BP_TAKEN_CONF_1_total_count, 410,             0

CONF_OFF_BTB_MISS_BP_TAKEN_CONF_2_count, 410,             0
CONF_OFF_BTB_MISS_BP_TAKEN_CONF_2_total_count, 410,             0

CONF_OFF_BTB_MISS_BP_TAKEN_CONF_3_count, 410,             0
CONF_OFF_BTB_MISS_BP_TAKEN_CONF_3_total_count, 410,             0

CONF_OFF_BTB_MISS_RATE_count, 410,             0
CONF_OFF_BTB_MISS_RATE_total_count, 410,             0

CONF_OFF_IBTB_MISS_RATE_count, 410,             0
CONF_OFF_IBTB_MISS_RATE_total_count, 410,             0

CONF_OFF_MISFETCH_RATE_count, 410,             0
CONF_OFF_MISFETCH_RATE_total_count, 410,             0

CONF_OFF_MISPRED_RATE_count, 410,             0
CONF_OFF_MISPRED_RATE_total_count, 410,             0

CONF_OFF_INV_CONF_INC_count, 410,             0
CONF_OFF_INV_CONF_INC_total_count, 410,             0

CONF_OFF_PERFECT_CONF_count, 410,             0
CONF_OFF_PERFECT_CONF_total_count, 410,             0

TOPDOWN_TOTAL_SLOTS_count, 0,     233327724
TOPDOWN_TOTAL_SLOTS_total_count, 0,     298918944

TOPDOWN_ISSUED_SLOTS_count, 0,     121477395
TOPDOWN_ISSUED_SLOTS_total_count, 0,     161832515

TOPDOWN_RETIRED_SLOTS_count, 0,      38735462
TOPDOWN_RETIRED_SLOTS_total_count, 0,      77922936

TOPDOWN_FETCH_BUBBLES_SLOTS_count, 0,      76375325
TOPDOWN_FETCH_BUBBLES_SLOTS_total_count, 0,      99989119

TOPDOWN_RECOVERY_BUBBLES_SLOTS_count, 0,      33903031
TOPDOWN_RECOVERY_BUBBLES_SLOTS_total_count, 0,      34196021

TOPDOWN_MEM_LOAD_STALLS_CYCLES_count, 0,        261140
TOPDOWN_MEM_LOAD_STALLS_CYCLES_total_count, 0,        482040

TOPDOWN_MEM_STORE_STALLS_CYCLES_count, 0,           375
TOPDOWN_MEM_STORE_STALLS_CYCLES_total_count, 0,           600

TOPDOWN_EXEC_STALLS_CYCLES_count, 0,       3311484
TOPDOWN_EXEC_STALLS_CYCLES_total_count, 0,       3785426

TOPDOWN_BACKEND_STALLS_CYCLES_count, 0,        261574
TOPDOWN_BACKEND_STALLS_CYCLES_total_count, 0,        482785

TOPDOWN_FETCH_BUBBLES_GT_MIW_CYCLES_count, 0,       8277440
TOPDOWN_FETCH_BUBBLES_GT_MIW_CYCLES_total_count, 0,       8907805

TOPDOWN_BR_MISPRED_RETIRED_CYCLES_count, 0,       2822124
TOPDOWN_BR_MISPRED_RETIRED_CYCLES_total_count, 0,       2843683

TOPDOWN_MACHINE_CLEAR_CYCLES_count, 0,       2825991
TOPDOWN_MACHINE_CLEAR_CYCLES_total_count, 0,       2851091

TOPDOWN_FRONTEND_BOUND_count, 0,          3273
TOPDOWN_FRONTEND_BOUND_total_count, 0,          3273

TOPDOWN_BACKEND_BOUND_count, 0,            68
TOPDOWN_BACKEND_BOUND_total_count, 0,            68

TOPDOWN_BAD_SPEC_BOUND_count, 0,          4999
TOPDOWN_BAD_SPEC_BOUND_total_count, 0,          4999

TOPDOWN_RETIRING_BOUND_count, 0,          1660
TOPDOWN_RETIRING_BOUND_total_count, 0,          1660

TOPDOWN_FETCH_LATENCY_BOUND_count, 0,          2128
TOPDOWN_FETCH_LATENCY_BOUND_total_count, 0,          2128

TOPDOWN_FETCH_BANDWIDTH_BOUND_count, 0,          1145
TOPDOWN_FETCH_BANDWIDTH_BOUND_total_count, 0,          1145

TOPDOWN_MEM_BOUND_count, 0,            67
TOPDOWN_MEM_BOUND_total_count, 0,            67

TOPDOWN_CORE_BOUND_count, 0,             1
TOPDOWN_CORE_BOUND_total_count, 0,             1

TOPDOWN_BR_MISPREDICTS_BOUND_count, 0,          2497
TOPDOWN_BR_MISPREDICTS_BOUND_total_count, 0,          2497

TOPDOWN_MACHINE_CLEARS_BOUND_count, 0,          2502
TOPDOWN_MACHINE_CLEARS_BOUND_total_count, 0,          2502



